"pair_id","axis_id","gpc_id","chunk_id","candidate_type","clinical_query","chunk_text","gpc_title","physical_pages","relevance_rater_1","relevance_rater_2","relevance_arbitrator","notes"
"GT-0001","04_soporte_cronicos_salud_mental","DIAGNÓSTICO-Y-TRATAMIENTO-DEL-ACNÉ_16012017.pdf","triplet_v2_01338","positive_direct","¿Qué esquema terapéutico de primera línea, dosificación y monitoreo normado establece el MSP para Clasificación del acné - Esquema y Criterios Normados (L70.0)?","[Tabla 3]
|Trimetoprim-Sulfametoxazol|Col2|
|---|---|
|La asociación de 160 mg de trimetoprim y 800mg de sulfametoxazol se considera de<br>tercera elección terapéutica en el manejo del acné.77|**E-1a**|
|Se usa en casos de acné nódulo-quístico, cuando no hay respuesta a otros antibióticos<br>o no se puede usar Isotretinoína. Además se reserva su uso cuando hay infección<br>asociada agram-negativos.49,77|**E-1a**|
|Se recomienda usar un comprimido cada 12 horas en unperiodo de 6 a 12 semanas.77|**R-A**|","DIAGNÓSTICO-Y-TRATAMIENTO-DEL-ACNÉ_16012017.pdf","12. Clasificación del acné","2","1","","Calibracion medica inicial estandarizada"
"GT-0002","01_urgencias_obstetricas","Aborto-terapéutico.pdf","triplet_v2_00408_neg","hard_negative_plausible","¿Qué intervenciones farmacológicas y no farmacológicas de grado A/B están normadas por el MSP en Aston G, Bewley S. Abortion and domestic violence. The Obstetrician & Gynaecologist. para Guia de Practica Clinica: Atencion del Aborto Terapeutico?","41.	 Manual de Estándares, Indicadores e Instrumentos para medir la Calidad de la Atención

Materno Neonatal del Ministerio de Salud Pública del Ecuador. MSP 2008.

42.	 Royal College of Obstetricians and Gynaecologysts. The care of women requesting

induced abortion: summary. Evidence-based Clinical Guideline No.7. London, November 2011.

43.	 WHO (2007) Unsafe abortion: global and regional estimates of incidence of unsafe

abortion and associated mortality. World Health Organization, Geneva.

44.	 Farquharson RG, Jauniaux E, Exalto N; ESHRE Special Interest Group for Early

Pregnancy (SIGEP). Updated and revised nomenclature for description of early pregnancy events. Hum Reprod. 2005 Nov;20(11):3008-11

45.	 Cameron MJ, Penney GC. Terminology in early pregnancy loss: what women hear and

what clinicians write. J Fam Plann Reprod Health Care. 2005 Oct;31(4):313-4.

46.	 Kaufman A. Counseling women on options for management of early pregnancy loss. Am

Fam Physician. 2012 Mar 15;85(6):547.

47.	 Saciloto MP, Konopka CK, Velho MT, Jobim FC, Resener EV, Muradás RR, Nicolaou

PK. Manual vacuum aspiration uterine treatment of incomplete abortion to 12 gestational weeks: an alternative to curettage. Rev Bras Ginecol Obstet. 2011 Oct;33(10):292-6.

48.	 Shekelle P, Wolf S, Eccles M, Grimshaw J. Clinical guidelines. Developing guidelines.

BMJ 1999; 3:18:593-59.

17. Anexos

Anexo 1 Nivel de evidencia y grado de recomendación

El concepto de Medicina Basada en la Evidencia (MBE) fue desarrollado por un grupo de internistas y epidemiólogos clínicos, liderados por Gordon Guyatt, de la Escuela de Medicina de la Universidad McMaster de Canadá. En palabras de David Sackett, « la MBE es la utilización consciente, explícita y juiciosa de la mejor evidencia  clínica disponible para tomar decisiones  sobre el cuidado de los pacientes individuales.»","Hard Negative Intra-Eje","36.	 Aston G, Bewley S. Abortion and domestic violence. The Obstetrician & Gynaecologist.","0","0","","Calibracion medica inicial estandarizada"
"GT-0003","02_respiratorio_pediatrico","Alergia-a-la-proteína-d-ela-leche-de-vaca.pdf","triplet_v2_00649","positive_direct","Describa el protocolo de manejo clínico inmediato y contraindicaciones normadas en Preparar coche de paro para - Esquema y Criterios Normados según la GPC oficial del Ecuador.","[Tabla 2]
|Puntos de buena práctica para el manejo de la anafilaxia en pacientes con APLV en todos<br>los niveles de atención en salud.|Col2|
|---|---|
|P|Se recomienda indicar a cuidadores y padres de familia de pacientes con APLV el uso<br>de pulseras o cualquier tipo de identifcación con datos sobre su condición clínica. Esta<br>sugerencia se aplica especialmente a aquellos con APLV mediadapor IgE.|
|P|Se sugiere educar a padres y cuidadores sobre el potencial uso de adrenalina en caso<br>de anaflaxia.|
|P|Se recomienda capacitar al personal de salud (auxiliares, médicos y enfermeras) que<br>viva cerca a pacientes con APLV para la administración de adrenalina en casos de<br>emergencia.|
|P|Se recomienda la coordinación desde los establecimientos de salud con la comunidad,<br>padres y cuidadores de niños con APLV para desarrollar un plan de manejo en caso de<br>anaflaxia, y para contar con la medicación adecuada cerca al o lapaciente.|","Alergia-a-la-proteína-d-ela-leche-de-vaca.pdf","4. Preparar coche de paro para","2","2","","Calibracion medica inicial estandarizada"
"GT-0004","04_soporte_cronicos_salud_mental","gpc_VIH_acuerdo_ministerial05-07-2019.pdf","triplet_v2_01414_neg","hard_negative_plausible","¿Cuáles son los signos de alarma, criterios de severidad y algoritmo de derivación en Pérdida de peso - Esquema y Criterios Normados según la normativa nacional?","Subpreguntas

• ¿Cuáles son los criterios para analizar la dinámica  familiar antes de determinar un plan de apoyo? • ¿Qué información de apoyo es eficaz para el acceso al acompañamiento de la familia y cuidadores del paciente con diagnóstico de TEA? • ¿Cuáles son los principales problemas asociados con la atención a las familias y cuidadores del paciente con diagnóstico de TEA?

13.7 Criterios de referencia y contrarreferencia

14. Monitoreo de calidad

El equipo de mejoramiento continuo de la calidad debe aplicar el Manual de estándares, indicadores e instrumentos para medir la calidad de la atención.","Hard Negative Intra-Eje","5. Pérdida de peso","0","0","","Calibracion medica inicial estandarizada"
"GT-0005","02_respiratorio_pediatrico","GPC_tuberculosis_2016.pdf","triplet_v2_00526","positive_direct","¿Qué esquema terapéutico de primera línea, dosificación y monitoreo normado establece el MSP para RAM más comunes de los medicamentos ARV16 - Esquema y Criterios Normados (A15.0)?","Prednisolona

[Tabla 1]
|ATC|H02AB06|
|---|---|
|**Indicación avalada**<br>**en esta guía**|Insufciencia suprarrenal, enfermedades infamatorias o<br>alérgicas, esclerosis múltiple, artritis reumatoide, asma y<br>síndrome nefrótico en niños, enfermedades infamatorias<br>intestinales, croup.|
|**Forma farmacéutica**<br>**y concentración**|Sólido oral 5 mg y 20 mg|
|**Dosis**|Se recomienda prescribir la administración diaria de este<br>medicamento de preferencia en las mañanas.<br>**Insufciencia suprarrenal**<br>• Adultos: 5 -7,5 mg vía oral / cada día.<br>**Artritis reumatoide**<br>• Adultos: 5 -7,5 mg vía oral / cada día.<br>**Esclerosis múltiple**<br>• Adultos: 200 mg/día vía oral por 7 días, seguido de 80 mg,<br>vía oral pasando un día por un mes.<br>**Enfermedades infamatorias y alérgicas**<br>• Adultos: 20 - 40 mg vía oral/cada día. Ajustar la dosis de<br>acuerdo con la respuesta del paciente.<br>• Niños: 0.5 mg – 2 mg/ kg/día vía oral/ dos veces al día.<br>Ajustar la dosis de acuerdo a la respuesta del paciente.<br>**Crisis asmática**<br>• Adultos: 40 mg - 50 mg vía oral/ cada día por 5 días.<br>• Niños: 2 mg/ kg/día (Máx. 80 mg/ kg/día) vía oral/ cada día<br>o dos veces al día.<br>**Síndrome nefrótico**<br>• Niños: 2 mg/ kg/día (Máx. 80 mg/ kg/día) vía oral / cada día<br>o dos veces al día.<br>**Croup leve a moderado**<br>• Niños: 1 mg/ kg/día vía oral cada díapor dos días.|
|**Contraindicaciones**|Hipersensibilidad<br>a <br>los<br>corticoesteroides,<br>infecciones<br>sistémicas sin terapia antimicrobiana adecuada, shock séptico,<br>vacunación con virus vivos en pacientes que requieren dosis<br>inmunosupresoras de corticoides. Infecciones oftálmicas<br>causadas por bacterias, hongos o virus, pues puede exacerbar<br>la infección, insufciencia adrenal primaria o secundaria,<br>hiperplasia adrenal congénita, tiroiditis subaguda no<br>supurativa.|","GPC_tuberculosis_2016.pdf","3.	RAM más comunes de los medicamentos ARV16","2","2","","Calibracion medica inicial estandarizada"
"GT-0006","02_respiratorio_pediatrico","GP_Tuberculosis-1.pdf","triplet_v2_00673_neg","hard_negative_plausible","¿Qué intervenciones farmacológicas y no farmacológicas de grado A/B están normadas por el MSP en 1 Prevención y tamizaje - Esquema y Criterios Normados para Guia de Practica Clinica: Prevencion, Diagnostico, Tratamiento y Control de la Tuberculosis (2da Edicion)?","•	diseminada •	generalizada (J65) Silicotuberculosis

3.	 Preguntas que responde esta guía de

práctica clínica

Prevención

1. En la población en general ¿Qué medidas deben adoptarse para disminuir la transmisión de tuberculosis? 2. ¿Qué población debe iniciar terapia preventiva con isoniacida (TPI)? 3. ¿Cómo realizar la investigación de contactos del afectado con tuberculosis? 4. En los niños ¿Cuál es la validez de la vacuna BCG para la prevención de la enfermedad de tuberculosis? 5. En los niños afectados con TB ¿Qué vacunas debe recibir?

Diagnóstico

6. ¿Cuál es la utilidad del PPD en la población con sospecha de tuberculosis latente frente a otras pruebas diagnósticas? 7. ¿Cuáles son los criterios de clasificación de los grupos prioritarios para el uso del PPD como prueba diagnóstica en la infección tuberculosa latente? 8. ¿En niños es más acertado el criterio epidemiológico y/o clínico en comparación con el bacteriológico? 9. ¿En adolescentes y adultos es más acertado el criterio bacteriológico que el clínico y/o epidemiológico? 10.	 ¿Cuál es la efectividad del cultivo comparado con el PCR en la población general para el diagnóstico de tuberculosis?

11.	 Las personas viviendo con VIH (PVV) ¿presentan características y

evolución de la enfermedad tuberculosa diferentes a las no PVV?

Tratamiento

14.	 En la población de afectados con tuberculosis ¿qué criterios se deben

considerar para dar tratamiento antituberculoso emergente?

15.	 De acuerdo a la localización de la tuberculosis extrapulmonar en niños

y adultos 16.	 ¿La efectividad varía según la duración del tratamiento?

17.	 En afectados con tuberculosis resistente a medicamentos ¿Cuál es la

ventaja del esquema de tratamiento acortado frente al esquema de tratamiento convencional?

18.	 En afectados con coinfección de TB/VIH de diagnóstico simultáneo ¿Con

cuál tratamiento se debe iniciar entre antituberculoso y antirretroviral?

19.	 En afectados (niños y adultos) con tuberculosis e infección por el VIH

que necesitan tratamiento antituberculoso y antirretroviral, ¿Cómo se modifica el tratamiento para evitar las interacciones medicamentosas?

4. Introducción","Hard Negative Intra-Eje","14.1 Prevención y tamizaje","0","0","","Calibracion medica inicial estandarizada"
"GT-0007","03_cardiovascular_metabolico","guia_prevencion_diagnostico_tratamiento_enfermedad_renal_cronica_2018.pdf","triplet_v2_01169_neg","hard_negative_plausible","¿Cuáles son los criterios clínicos, diagnóstico y conducta médica recomendada para 3 Prevención secundaria y progresión de la ERC - Esquema y Criterios Normados según la GPC de Guia de Practica Clinica: Enfermedad Renal Cronica del MSP Ecuador?","Tratamiento

28. ¿Cuáles son las opciones de tratamiento para pacientes con ERC? 29. ¿Cuáles son las recomendaciones para inicio de la terapia de sustitución renal en pacientes con enfermedad renal crónica avanzada (ERCA)? 30. ¿Cuáles son las recomendaciones para no iniciar o suspender la terapia de sustitución renal en pacientes con ERCA?

Referencia y contrarreferencia

31. ¿Cuáles son los criterios de referencia al nefrólogo en pacientes con enfermedad renal crónica? 32. ¿Cuáles son las consecuencias de una referencia tardía al especialista?","Hard Negative Intra-Eje","14.3 Prevención secundaria y progresión de la ERC","0","0","","Calibracion medica inicial estandarizada"
"GT-0008","03_cardiovascular_metabolico","guia_prevencion_diagnostico_tratamiento_enfermedad_renal_cronica_2018.pdf","gpc_guia_prevencion_diagnostico_tratamiento_enfermedad_renal_cronica_2018_chunk_0536","contextual_neutral","Describa el protocolo de manejo clínico inmediato y contraindicaciones normadas en Evidencias y recomendaciones - Esquema y Criterios Normados según la GPC oficial del Ecuador.","[Tabla 1]
| Indicador / Criterio Clínico | Descripción Normativa |
|---|---|
| Col1 | **Tamoxifeno**<br>10-20/mg<br>D<br>No ajustar<br>No ajustar<br>No ajustar<br> |
| Clofibrato | **Tamoxifeno**<br>10-20/mg<br>D<br>No ajustar<br>No ajustar<br>No ajustar<br> |
| Col3 | **Tamoxifeno**<br>10-20/mg<br>D<br>No ajustar<br>No ajustar<br>No ajustar<br> |
| Col4 | **Tamoxifeno**<br>10-20/mg<br>D<br>No ajustar<br>No ajustar<br>No ajustar<br> |
| 50-100 mg | **Tamoxifeno**<br>10-20/mg<br>D<br>No ajustar<br>No ajustar<br>No ajustar<br> |
| Col6 | **Tamoxifeno**<br>10-20/mg<br>D<br>No ajustar<br>No ajustar<br>No ajustar<br> |
| Col7 | **Tamoxifeno**<br>10-20/mg<br>D<br>No ajustar<br>No ajustar<br>No ajustar<br> |
| I | **Tamoxifeno**<br>10-20/mg<br>D<br>No ajustar<br>No ajustar<br>No ajustar<br> |
| Col9 | **Tamoxifeno**<br>10-20/mg<br>D<br>No ajustar<br>No ajustar<br>No ajustar<br> |","Guia de Practica Clinica: Enfermedad Renal Cronica","102","0","0","","Calibracion medica inicial estandarizada"
"GT-0009","02_respiratorio_pediatrico","gpc_supervision_Salud_de_Adolescentes_2014.pdf","gpc_gpc_supervision_Salud_de_Adolescentes_2014_chunk_0420","contextual_neutral","¿Cuáles son los signos de alarma, criterios de severidad y algoritmo de derivación en WHO treatment guidelines for drug-resistant Tuberculosis. 2016. (71,113) - Esquema y Criterios Normados según la normativa nacional?","[Tabla 1]
|Col1|Col2|Col3|Col4|Col5|Col6|Col7|Col8|Col9|Col10|Col11|Col12|Col13|Col14|Col15|Col16|Col17|Col18|Col19|Col20|Col21|Col22|Col23|Col24|Col25|Col26|Col27|Col28|Col29|Col30|Col31|Col32|Col33|Col34|Col35|Col36|Col37|Col38|Col39|Col40|Col41|Col42|Col43|Col44|Col45|Col46|Col47|Col48|Col49|Col50|Col51|Col52|Col53|Col54|Col55|Col56|Col57|Col58|Col59|Col60|Col61|Col62|Col63|Col64|Col65|Col66|Col67|Col68|Col69|Col70|Col71|Col72|
|---|---|---|---|---|---|---|---|---|---|---|---|---|---|---|---|---|---|---|---|---|---|---|---|---|---|---|---|---|---|---|---|---|---|---|---|---|---|---|---|---|---|---|---|---|---|---|---|---|---|---|---|---|---|---|---|---|---|---|---|---|---|---|---|---|---|---|---|---|---|---|---|
|||||||||||||||||||||||||||||||||||||||||||||||||||||||||||||||||||||||||","Guia de Practica Clinica: Supervision de la Salud de Ninos y Adolescentes","78","0","0","","Calibracion medica inicial estandarizada"
"GT-0010","02_respiratorio_pediatrico","Alergia-a-la-proteína-d-ela-leche-de-vaca.pdf","triplet_v2_00926","positive_direct","¿Qué esquema terapéutico de primera línea, dosificación y monitoreo normado establece el MSP para Preparar coche de paro para (K52.2)?","73. Hill DJ, Hosking CS, de Benedictis FM, Oranje AP, Diepgen TL, Bauchau V. Confirmation of the association between high levels of immunoglobulin E food sensitization and eczema in infancy: an international study. Clin Exp Allergy. 2008 Jan;38(1):161–8.

74. Ravelli AM, Tobanelli P, Volpi S, Ugazio AG. Vomiting and gastric motility in infants with cow’s milk allergy. J Pediatr Gastroenterol Nutr. 2001 Jan;32(1):59–64.

75. Nielsen RG, Bindslev-Jensen C, Kruse-Andersen S, Husby S. Severe gastroesophageal reflux disease and cow milk hypersensitivity in infants and children: disease association and evaluation of a new challenge procedure. J Pediatr Gastroenterol Nutr. 2004 Oct;39(4):383–91.

76. Liacouras CA, Ruchelli E. Eosinophilic esophagitis. Curr Opin Pediatr. 2004 Oct;16(5):560–6.

77. Faber MR, Rieu P, Semmekrot BA, Van Krieken JHJM, Tolboom JJM, Draaisma JMT. Allergic colitis presenting within the first hours of premature life. Acta Paediatr. 2005 Oct;94(10):1514–5.

78. Kawai M, Kubota A, Ida S, Yamamura Y, Yoshimura N, Takeuchi M, et al. Cow’s milk allergy presenting Hirschsprung’s disease-mimicking symptoms. Pediatr Surg Int. 2005 Oct;21(10):850–2.

79. Sicherer SH. Clinical Aspects of Gastrointestinal Food Allergy in Childhood. Pediatrics. 2003 Jun;111(Supplement_3):1609–16.

80. Lake AM. Food-induced eosinophilic proctocolitis. J Pediatr Gastroenterol Nutr. 2000 Jan;30 Suppl:S58–60.

81. Sicherer SH. Food protein-induced enterocolitis syndrome: case presentations and management lessons. J Allergy Clin Immunol. 2005 Jan;115(1):149–56.","Alergia-a-la-proteína-d-ela-leche-de-vaca.pdf","4. Preparar coche de paro para","2","2","","Calibracion medica inicial estandarizada"
"GT-0011","01_urgencias_obstetricas","Guía-de-hemorragia-postparto.pdf","triplet_v2_00350_neg","hard_negative_plausible","¿Qué intervenciones farmacológicas y no farmacológicas de grado A/B están normadas por el MSP en Describir una secuencia ordenada de intervenciones eficaces para el tratamiento de la para Guia de Practica Clinica: Prevencion y Manejo de la Hemorragia Postparto (Codigo Rojo)?","posparto.

3.	 Identificar los signos y síntomas que permiten el diagnóstico de hemorragia posparto

y la evaluación de su gravedad para iniciar el tratamiento apropiado y/o la referencia oportuna y segura de las pacientes a centros de mayor capacidad resolutiva.

4.	 Describir una secuencia ordenada de intervenciones eficaces para el tratamiento de la

hemorragia posparto con énfasis en la implementación de medidas de resucitación y el uso adecuado de masaje uterino bimanual y de oxitócicos como primera línea de acción.

Aspectos metodológicos

El Modelo de Atención Integral en Salud (MAIS) propone un fortalecimiento del primer nivel de atención como puerta de entrada al sistema, basado en atención integral, con continuidad y con un enfoque familiar, comunitario e individual. La especificidad del primer nivel de atención será explícita en el set de instrumentos asistenciales en salud, las acciones que se debe realizar en los niveles superiores se mencionarán según su especificidad teniendo en cuenta la realidad y los principios de accesibilidad, calidad y eficiencia consagrados en la Constitución y el Sistema Nacional de Salud. El Ministerio de Salud Pública, como rector del Sistema Nacional de Salud, la ha diseñado como parte de una propuesta metodológica compuesta por un set de instrumentos que incluyen:

- Guía de Práctica Clínica (GPC)

- Guía de bolsillo

- Guía para el ciudadano

- Manual de procedimientos

La presente Guía fue elaborada siguiendo la metodología ADAPTE descrita por Guidelines International Network (G-I-N) con el objetivo de incorporar las mejores prácticas clínicas y recomendaciones disponibles para el manejo de la hemorragia posparto. La búsqueda de guías de práctica clínica se realizó a través de metabuscadores, en los portales web de centros compiladores y elaboradores y en bases de datos como PubMed, SciELO y LILACS. Las guías seleccionadas se sometieron a evaluación independiente con el instrumento AGREE II.13","Hard Negative Intra-Eje","4.	 Describir una secuencia ordenada de intervenciones eficaces para el tratamiento de la","0","0","","Calibracion medica inicial estandarizada"
"GT-0012","02_respiratorio_pediatrico","Alimentacion_y_nutricion_de_la_mujer_gestante_y_la_madre_en_periodo_de_lactancia.pdf","triplet_v2_00570","positive_direct","¿Cuáles son los criterios clínicos, diagnóstico y conducta médica recomendada para Desarrollo - Esquema y Criterios Normados según la GPC de Guia de Practica Clinica: Alimentacion y Nutricion de la Gestante y Lactancia Materna del MSP Ecuador?","Fuente: USDA Table of Nutrient Retention Factors. 2003. Elaboración: autores

¿Cómo evitar la contaminación de los alimentos?

¿Es seguro realizar actividad física durante el embarazo?

[Tabla 1]
|Fósforo|0%|0%|25%|35%|0%|
|---|---|---|---|---|---|
|Potasio|10%|0%|30%|70%|0%|
|Sodio|0%|0%|25%|55%|0%|
|Zinc|0%|0%|25%|25%|0%|
|Cobre|10%|0%|40%|45%|0%|","Alimentacion_y_nutricion_de_la_mujer_gestante_y_la_madre_en_periodo_de_lactancia.pdf","7.	 Desarrollo","2","2","","Calibracion medica inicial estandarizada"
"GT-0013","03_cardiovascular_metabolico","gpc_hta192019.pdf","triplet_v2_01032","positive_direct","¿Cuáles son los signos de alarma, criterios de severidad y algoritmo de derivación en Rigotti NM. Overview of smoking cessation management in adults. UpToDate [Internet]. - Esquema y Criterios Normados según la normativa nacional?","[Tabla 2]
|Procedimiento|Col2|
|---|---|
|||
|1. El equipamiento necesario para una correcta toma de la presión arterial incluye: estetoscopio y|<br>|
|<br>esfigmomanómetro (manómetro aneroide) o dispositivo automático, el mismo que requiere una calibración|<br>esfigmomanómetro (manómetro aneroide) o dispositivo automático, el mismo que requiere una calibración|
|<br>y revisión técnica cada 6 meses.|<br>y revisión técnica cada 6 meses.|
|2. La exploración se debe realizar en un espacio libre de ruidos y con temperatura ambiente agradable.||
|3. El paciente debe estar relajado manteniendo posición correcta, sentado con la espalda apoyada y pies||
|en el piso, durante 5  minutos.|en el piso, durante 5  minutos.|
|4. No debe haber realizado esfuerzo físico, ingerido alimentos ni bebidas (te, chocolate, café, energizantes,||
|<br>etc), ni fumar en los últimos 30 minutos.|<br>etc), ni fumar en los últimos 30 minutos.|
|5. Asegurarse que haya vaciado la vejiga.||
|6. Ni elpaciente ni el observador deben hablar durante la exploración.||
|7. El brazo en el que se medirá la presión arterial debe estar al descubierto la manga de la prenda|<br> <br>|
|<br>levantada y suelta, para que no interfiera con flujo sanguíneo o con la colocación correcta del manguito de|<br>levantada y suelta, para que no interfiera con flujo sanguíneo o con la colocación correcta del manguito de|","gpc_hta192019.pdf","130.  Rigotti NM. Overview of smoking cessation management in adults. UpToDate [Internet].","2","1","","Calibracion medica inicial estandarizada"
"GT-0014","03_cardiovascular_metabolico","guia_prevencion_diagnostico_tratamiento_enfermedad_renal_cronica_2018.pdf","triplet_v2_00936_neg","hard_negative_plausible","¿Cuáles son los criterios clínicos, diagnóstico y conducta médica recomendada para 3 Prevención secundaria y progresión de la ERC - Esquema y Criterios Normados según la GPC de Guia de Practica Clinica: Enfermedad Renal Cronica del MSP Ecuador?","Tratamiento

28. ¿Cuáles son las opciones de tratamiento para pacientes con ERC? 29. ¿Cuáles son las recomendaciones para inicio de la terapia de sustitución renal en pacientes con enfermedad renal crónica avanzada (ERCA)? 30. ¿Cuáles son las recomendaciones para no iniciar o suspender la terapia de sustitución renal en pacientes con ERCA?

Referencia y contrarreferencia

31. ¿Cuáles son los criterios de referencia al nefrólogo en pacientes con enfermedad renal crónica? 32. ¿Cuáles son las consecuencias de una referencia tardía al especialista?","Hard Negative Intra-Eje","14.3 Prevención secundaria y progresión de la ERC","0","0","","Calibracion medica inicial estandarizada"
"GT-0015","04_soporte_cronicos_salud_mental","Tratamiento-odontologico.pdf","triplet_v2_01454","positive_direct","¿Cuáles son los criterios clínicos, diagnóstico y conducta médica recomendada para Anexos - Esquema y Criterios Normados según la GPC de Guia de Practica Clinica: Tratamiento Odontologico en Embarazadas del MSP Ecuador?","[Tabla 1]
|Contraindicaciones|Hipersensibilidad al medicamento, otros AINE o sus componentes. Embarazo:<br>3er trimestre; podría producir cierre prematuro del ductus arteriosus.<br>Discrasias sanguíneas, depresión medular. Úlcera péptica. Estomatitis,<br>colitis ulcerativa, enfermedad hepática. Hipovolemia. Deshidratación.<br>Diátesis hemorrágica. Sangrado cerebrovascular (incluyendo sospecha).<br>Antecedentes de asma, angioedema, urticaria o rinitis precipitadas por<br>AINEs. Porfiria.|
|---|---|
|Efectos adversos|<br>Frecuentes: Distención abdominal, fatulencia, dolor abdominal, dispepsia,<br>náusea, anorexia, constipación. Úlcera péptica, hemorragia GI, prurito, rash,<br>tinitus. Edema periférico, retención de fuidos. Insufciencia renal aguda.<br>Cefalea, somnolencia, mareo, vértigo, obnubilación, confusión mental.<br>Hipercoagulabilidad. Exantemas. Aumento de transaminasas. Tinitus.<br>Equimosis. Depósitos corneales.<br>Poco frecuentes: Hepatitis aguda, hepatitis asintomática, hepatitis activa<br>crónica; colestasis. Agranulocitosis, anemia aplástica, púrpura, anemia<br>hemolítica, leucopenia. Asma. Incremento de urea nitrogenada, nefrotoxicidad,<br>incremento de la creatinina sérica ≥ 2 mg/dl. Hipertensión, ICC.<br>Raros: Lesión tisular en el lugar de inyección. Reacciones anaflácticas,<br>dermatitis exfoliativa, síndrome de Stevens Johnson, necrólisis tóxica<br>epidérmica. Hepatitis (ocasionalmente letal), ictericia. Depresión profunda,<br>psicosis, alucinaciones, suicidio. Neutropenia, trombocitopenia.|","Tratamiento-odontologico.pdf","20. Anexos","2","2","","Calibracion medica inicial estandarizada"
"GT-0016","02_respiratorio_pediatrico","GPC_tuberculosis_2016.pdf","triplet_v2_00630","positive_direct","¿Cuáles son los criterios clínicos, diagnóstico y conducta médica recomendada para RAM más comunes de los medicamentos ARV16 - Esquema y Criterios Normados según la GPC de Guia de Practica Clinica: Prevencion, Diagnostico y Tratamiento de la Tuberculosis del MSP Ecuador?","[Tabla 2]
|ATC|J04AM06|
|---|---|
|**Indicación avalada**<br>**en estaguía**|Tuberculosis dosis fja. Uso en la fase inicial de tuberculosis.|
|**Forma farmacéutica**<br>**y concentración**|Sólido oral 150 mg + 400 mg + 275 mg + 75 mg|
|**Dosis**|Revisar la normativa vigente del MSP sobre tratamiento de<br>tuberculosis.|
|**Contraindicaciones**|Las correspondientes a cada uno de los medicamentos que<br>componen este medicamento(ver fchas respectivas).|
|**Precauciones**|Las correspondientes a cada uno de los medicamentos que<br>componen este medicamento(ver fchas respectivas).|
|**Efectos adversos**|Los correspondientes a cada uno de los medicamentos que<br>componen este medicamento(ver fchas respectivas).|
|**Uso en el embarazo**|Categoría C.|","GPC_tuberculosis_2016.pdf","3.	RAM más comunes de los medicamentos ARV16","2","2","","Calibracion medica inicial estandarizada"
"GT-0017","02_respiratorio_pediatrico","GPC_neumonía-adquirida_2017.pdf","triplet_v2_00524","positive_direct","Describa el protocolo de manejo clínico inmediato y contraindicaciones normadas en Evidencias y recomendaciones - Esquema y Criterios Normados según la GPC oficial del Ecuador.","[Tabla 2]
|Criterios clínicos|Col2|
|---|---|
|Los criterios clínicos para realizar el diagnóstico de neumonía adquirida en<br>la comunidad en pacientes de menos de cinco años son: tos o difcultad<br>respiratoriay taquipnea o tiraje [33].|**E-IV**<br>**R-D**|","GPC_neumonía-adquirida_2017.pdf","13. Evidencias y recomendaciones","2","2","","Calibracion medica inicial estandarizada"
"GT-0018","02_respiratorio_pediatrico","GPC-RECIEN-NACIDO-CON-DIFICULTAD-PARA-RESPIRAR.pdf","gpc_GPC-RECIEN-NACIDO-CON-DIFICULTAD-PARA-RESPIRAR_chunk_0031","contextual_neutral","¿Cuáles son los criterios clínicos, diagnóstico y conducta médica recomendada para Exaguinación fetal debido a existencia de vasa previa o hemorragia feto materna. - Esquema y Criterios Normados según la GPC de Guia de Practica Clinica: Enfermedad Hemolitica del Recien Nacido del MSP Ecuador?","[Tabla 3]
|El objetivo de la ventilación mecánica (VM) es lograr una oxigenación y ventilación<br>adecuadas, evitando el trauma por presión, volumen y oxígeno en aquellos pacientes con<br>falla respiratoria grave.|E-4|
|---|---|
|Se recomienda en aquellos RN mayores a  27 semanas que respiren espontáneamente y<br>requieran oxígeno menor  de 30%, considerar el uso de CPAP profláctico, con presión de 5<br>a 7 cmH2O y FiO2 hasta 40%.|**R-B**|
|Se recomienda en todo RN que cursa con síntomas de difcultad respiratoria conectado a<br>CPAP profláctico, que no logra saturaciones de O2 mayor a  88%, pO2 mayor a 50 mmHg<br>con FiO2 hasta 40%, tomar gasometría y radiografía, proceder a la intubación y aplicación<br>de surfactante.|**R-A**|
|Se recomienda mantener en VM mientras requiera PIP mayor a 16 cmH2O y FiO2 mayor a<br>40% para saturar mayor a 88% y tener pO2 mayor a 50 ó si presenta pCO2 mayor a 55 con pH<br>menor 7,25, apneas que requieren ventilación a presión positiva o más de 1 apnea por hora<br>que requiera estímulo.|ü**/R**|","Guia de Practica Clinica: Recien Nacido con Dificultad para Respirar (SDR Neonatal)","22","0","0","","Calibracion medica inicial estandarizada"
"GT-0019","03_cardiovascular_metabolico","gpc_hta192019.pdf","triplet_v2_00006","positive_direct","Paciente con Hipertensión Arterial Primaria Grado 2 y Riesgo Cardiovascular: Prescriba el esquema farmacológico de primera línea en combinación dual fija normado por el MSP (IECA/ARA-II + Calcioantagonista), defina la meta terapéutica de PA (<140/90 mmHg) y el intervalo de control.","con un solo fármaco alcance la presión arterial deseada en pacientes cuya presión arterial esté a más de 20/10 mmHg por encima de la meta. Solamente se debe considerar la posibilidad de monoterapia en hipertensión grado 1 de bajo riesgo (presión sistólica <150 mmHg) o en pacientes muy viejos (80 años) o más frágiles, en el resto de pacientes en los que las medidas de cambios de hábitos y prácticas de vida no resulten efectivas, se deberá comenzar con terapia dual.(20)

Por otra parte, la evidencia científica sugiere que los médicos deben tener cuidado al iniciar el tratamiento farmacológico en pacientes de bajo riesgo cardiovascular con HTA grado 1, particularmente porque este enfoque puede afectar a millones de personas con poca evidencia de beneficio.(97)

En específico,  la evidencia científica demuestra que los diuréticos tiazídicos se asocian con un riesgo significativamente menor de accidente cerebrovascular y eventos cardiovasculares en comparación con los beta bloqueantes y un menor riesgo de insuficiencia cardíaca en comparación con los bloqueadores de los canales de calcio. Los diuréticos tiazídicos también se asocian con un menor riesgo de eventos cardiovasculares y accidentes cerebrovasculares en comparación con los IECA.(98)

En cualquier caso, los diuréticos tiazídicos, calcio antagonistas (CA), inhibidores de la enzima convertidora de angiotensina (IECA) y los antagonistas de los receptores de angiotensina II (ARAII) son adecuados para el inicio y mantenimiento del tratamiento de la HTA, tanto en monoterapia o combinados.(20,26,99)

Diuréticos tiazídicos La evidencia científica demuestra que los diuréticos son medicamentos efectivos para reducir mortalidad y eventos adversos cardiovasculares en pacientes hipertensos.(100–105)

Inhibidores de la enzima convertidora de angiotensina (IECA) Los IECA son medicamentos efectivos para reducir mortalidad y eventos adversos cardiovasculares en pacientes hipertensos.(106) El uso de los IECA puede retrasar la progresión a la insuficiencia renal y reducir la mortalidad cardiovascular, por lo que son preferidos en pacientes con DM2.(107)","gpc_hta192019.pdf","12. Evidencias y recomendaciones","2","2","","Calibracion medica inicial estandarizada"
"GT-0020","01_urgencias_obstetricas","Guia Control Prenatal.pdf","triplet_v2_00276_neg","hard_negative_plausible","¿Cuáles son los criterios clínicos, diagnóstico y conducta médica recomendada para 5 Recomendaciones acerca de exposición a sustancias tóxicas - Esquema y Criterios Normados según la GPC de Guia de Practica Clinica: Control Prenatal del MSP Ecuador?","10. 3   Recomendaciones acerca de detección de factores de riesgo en el control prenatal. Riesgo obstétrico1-9

[Tabla 1]
|• Realizar la referencia de las embarazadas que presenten factores de riesgo para Síndrome<br>de Down (edad materna avanzada > de 35 años, antecedentes familiares o personales de<br>malformaciones congénitas, antecedentes de exposición a teratógenos, a segundo o tercer nivel<br>para tamizaje y asesoría genética.<br>• Toma de citología cérvico vaginal<br>• Examen odontológico****<br>• Programar los controles subsecuentes y registrar la fecha en la hoja de control y en el carné<br>perinatal<br>*Consultar GPC e diabetes en el embarazo<br>**Consultar GPC de infecciones del tracto urinario bajo durante el embarazo<br>***Consultar la GPC de diagnóstico y tratamiento de la anemia en el embarazo<br>****Consultar guía de práctica clínica Atención Odontológica en el Embarazo.|R-D|
|---|---|
|Toda embarazada en su primer control prenatal debe recibir información acerca de:<br>• <br>Cambios fsiológicos del embarazo<br>• <br>Higiene personal<br>• <br>Actividad física durante el embarazo.<br>• <br>Cambios en estilos de vida: suspender el tabaco, drogas ilícitas y el consumo de alcohol.<br>• <br>Educación nutricional, educación prenatal y planifcación familiar.<br>• <br>Signos de alarma<br>• <br>Signos de alarmaparapreeclampsia, infección obstétrica, partopretérmino. 2|Toda embarazada en su primer control prenatal debe recibir información acerca de:<br>• <br>Cambios fsiológicos del embarazo<br>• <br>Higiene personal<br>• <br>Actividad física durante el embarazo.<br>• <br>Cambios en estilos de vida: suspender el tabaco, drogas ilícitas y el consumo de alcohol.<br>• <br>Educación nutricional, educación prenatal y planifcación familiar.<br>• <br>Signos de alarma<br>• <br>Signos de alarmaparapreeclampsia, infección obstétrica, partopretérmino. 2|","Hard Negative Intra-Eje","10.5    Recomendaciones acerca de exposición a sustancias tóxicas","0","0","","Calibracion medica inicial estandarizada"
"GT-0021","02_respiratorio_pediatrico","GPC-Recén-nacido-prematuro.pdf","triplet_v2_00683","positive_direct","¿Qué intervenciones farmacológicas y no farmacológicas de grado A/B están normadas por el MSP en Choque hipovolémico 71-79 - Esquema y Criterios Normados para Guia de Practica Clinica: Atencion del Recien Nacido Prematuro?","[Tabla 2]
|Si hay mala respuesta, considerar uso de corticoides (hidrocortisona 1 mg/kg cada ocho horas). Supervise la presión arterial y la frecuencia cardíaca cada 2 minutos por 15 minutos y entonces cada cinco minutos dependiendo de la respuesta a la medicación; en esos tiempos, evalúe añadir otros presores o modificar su dosificación.|R-D|
|---|---|
|Nunca dé vasoactivos a través de un catéter umbilical arterial o de cualquier otro<br>sitio arterial.|R-D|
|La dopamina se admininistra por vía central o de la vena umbilical si la posición<br>del catéter ha sido confrmada por radiografía y la punta está apropiadamente<br>colocada encima del hígado en la bifurcación de la vena cava inferior y la aurícula<br>derecha.|R-D|
|Nunca dar un bolo de dopamina o empujar líquido por líneas que contienen la<br>dopamina.|R-D|
|Se recomienda siempre usar una bomba de infusión.|R-D|
|Supervise el área de la infusión muy cuidadosamente para la extravasación y<br>cambie los sitios de la infusión si el intravenoso se infltra.|R-D|
|Durante el manejo de choque mantenga los niveles de calcio (Ca++) en límites<br>normales.<br>|R-D|
|En ausencia de ecocardiografía funcional para controlar fujo de la vena cava<br>superior (VCS), el llenado capilar de cuatro segundos combinado con una<br>concentración de lactato en suero de más a 4 mmol/L presentó una especifcidad<br>del 97% para identifcar a los prematuros en el primer día de vida, asociado a<br>resultados neurológicos desfavorables.|E-3|
|Si se dispone de personal entrenado para realizar ecocardiografía funcional, es<br>una herramineta útil para establecer el inicio o continuidad de tratamineto del<br>_shock_ asociado a la entrega de volumen o uso de inotrópicos.|✔/R|","GPC-Recén-nacido-prematuro.pdf","29. Choque hipovolémico 71-79","2","2","","Calibracion medica inicial estandarizada"
"GT-0022","03_cardiovascular_metabolico","gpc_hta192019.pdf","triplet_v2_01097_neg","hard_negative_plausible","¿Cuáles son los signos de alarma, criterios de severidad y algoritmo de derivación en Rigotti NM. Overview of smoking cessation management in adults. UpToDate [Internet]. - Esquema y Criterios Normados según la normativa nacional?","126.  Organización Mundial de la Salud. Obesidad y sobrepeso. OMS [Internet]. 2018;

Disponible en: https://www.who.int/es/news-room/fact-sheets/detail/obesity-and- overweight 127.  de Onis M. Valores de Referencia de la Organización Mundial de la Salud. ebook.ecogobesity.eu. 2015;1–18.

128.  Michels WM, Grootendorst DC, Verduijn M, Elliott EG, Dekker FW, Krediet RT.

Performance of the Cockcroft-Gault, MDRD, and new CKD-EPI formulas in relation to GFR, age, and body size. Clin J Am Soc Nephrol. junio de 2010;5(6):1003–9.

129.  Organización Panamericana de la Salud. Intervención breve vinculada a ASSIST para el

consumo riesgoso y nocivo de sustancias Manual para uso en la atención primaria. OMS [Internet]. 2011;45. Disponible en: www.paho.org

130.  Rigotti NM. Overview of smoking cessation management in adults. UpToDate [Internet].

Disponible en: https://www.uptodate.com/contents/overview-of-smoking-cessation- management-in-adults?topicRef=16635&source=see_link","Hard Negative Intra-Eje","130.  Rigotti NM. Overview of smoking cessation management in adults. UpToDate [Internet].","1","0","","Calibracion medica inicial estandarizada"
"GT-0023","03_cardiovascular_metabolico","guia_prevencion_diagnostico_tratamiento_enfermedad_renal_cronica_2018.pdf","triplet_v2_01096_neg","hard_negative_plausible","¿Qué esquema terapéutico de primera línea, dosificación y monitoreo normado establece el MSP para 3 Prevención secundaria y progresión de la ERC - Esquema y Criterios Normados (N18.9)?","14.3 Tratamiento de la TB

El esquema de tratamiento no está basado en la localización de la enfermedad (pulmonar o extrapulmonar). Para la asignación del esquema se debe consultar y registrar el historial farmacológico y tiempo del tratamiento previo si fuera el caso.

Los esquemas de tratamiento se dividen en dos grupos TB sensible y TB resistente y deben ser administrados de acuerdo al peso corporal del paciente. Adicionalmente debe ser directamente observado en el 100% de los casos y dosis. (71)

14.3.1 Esquemas para casos con TB sensible

Se utiliza una combinación de cuatro fármacos de primera línea antituberculosis:

Tabla 4. Esquemas de tratamiento para casos de TB sensible

Isoniacida (H), Rifampicina (R), Pirazinamida (Z) y Etambutol (E)

Tabla 5. Recomendaciones de dosis por kg de peso para el tratamiento TB

sensible en adultos con drogas de primera línea","Hard Negative Inter-Eje","14.3 Prevención secundaria y progresión de la ERC","1","1","","Calibracion medica inicial estandarizada"
"GT-0024","04_soporte_cronicos_salud_mental","GUÍA-DOLOR-LUMBAR_16012017.pdf","triplet_v2_01374_neg","hard_negative_plausible","¿Cuáles son los signos de alarma, criterios de severidad y algoritmo de derivación en Evidencias y recomendaciones - Esquema y Criterios Normados según la normativa nacional?","Una vez que se cuenta con el diagnóstico de neumonía adquirida en la comunidad (ver anexo 3), es necesario identificar la severidad del cuadro.

Tabla 4. Criterios de severidad en pacientes con neumonía adquirida en la comunidad

Interpretación: el médico debe considerar traslado al servicio de terapia intensiva o un servicio con monitorización cardiorrespiratoria continua para el niño que tiene más de un criterio mayor o más de dos criterios menores.

Tomado de: Bradley et al. The management of community-acquired pneumonia in infants and children older than 3 months of age [3].","Hard Negative Inter-Eje","13. Evidencias y recomendaciones","0","0","","Calibracion medica inicial estandarizada"
"GT-0025","01_urgencias_obstetricas","GPC_anomalias_de_insercion_placentaria_2017.pdf","triplet_v2_00329","positive_direct","Describa el protocolo de manejo clínico inmediato y contraindicaciones normadas en Publicación y actualización reciente (2010-2016). según la GPC oficial del Ecuador.","Anexo 2. Algoritmos de diagnóstico y tratamiento de las anomalías de inserción placentaria

Manejo del acretismo placentario

El riesgo de placenta acreta si existe placenta previa aumentará en función del número de cesáreas anteriores:

• 1 cesárea: 11 % • 2 cesáreas: 40 % • 3 cesáreas: 61 % • 4 o más cesáreas: 67 %

Realizar diagnóstico mediante hallazgos ultrasonográficos:

• Lagunas placentarias con flujo turbulento de baja resistencia y picos altos de velocidad sistólica. • Pérdida de la zona retroplacentaria. • Proyección vascular o placentaria hacia miometrio, vejiga o serosa uterina. • Espesor de miometrio retroplacentario menor a 1 mm con lagunas placentarias.

• Manejo integral, multidisciplinario e individualizado de las pacientes. • Se debe discutir con la paciente y sus familiares sobre las complicaciones que pueden existir tanto maternas como fetales, la edad gestacional, así como la vía para terminar el embarazo. • Discutir sobre la posibilidad de una histerectomía y sus complicaciones (lesión de órganos vecinos) • Se recomienda que, en el consentimiento informado, se especifique de manera detallada las complicaciones que pudieran darse en el parto por cesárea como: histerectomía, cistoscopía, colocación de stents o endoprótesis, anestesia, línea arterial, línea central, transfusión de sangre y reparación o escisión de órganos dañados.

Flujograma  de manejo de vasa previa

Determinar características

Localización Número de lóbulos Datos de succenturiata

placentarias

Placenta bilobulada o succenturiada

Ecografía transvaginal doppler color a las 32 semanas

Se confirma diagnóstico de vasa

Terminar embarazo por cesárea entre 34-37 semanas de acuerdo a complicaciones como sangrado vaginal, ruptura prematura de membranas, labor de parto y/o compromiso del bienestar fetal o materno

previa, placenta

bilobulada o succenturiada

Elaboración propia

[Tabla 1]
|Ultrasonido abdominal<br>18-24 semanas|Col2|
|---|---|
|||","GPC_anomalias_de_insercion_placentaria_2017.pdf","4.	 Publicación y actualización reciente (2010-2016).","2","1","","Calibracion medica inicial estandarizada"
"GT-0026","02_respiratorio_pediatrico","GPC_tuberculosis_2016.pdf","gpc_GPC_tuberculosis_2016_chunk_0086","contextual_neutral","¿Qué esquema terapéutico de primera línea, dosificación y monitoreo normado establece el MSP para Anexos (J18.9)?","Interacción con los alimentos

12.4	 Seguimiento de la respuesta al tratamiento11,17,20,23

Monitoreo del tratamiento en casos de TB sensible

[Tabla 1]
|RAM con fármacos de segunda línea (anexo 21)<br>Se recomienda detectar las RAM de manera temprana e iniciar la evaluación,<br>dado que pueden ser severas e incluso comprometer la vida.|√/R|
|---|---|
|Cuando el cuadro clínico tiene patrón colestásico, la R es la causa.<br>Cuando el cuadro clínico tienepatrónparenquimatoso, la Z es la causa.|E-C|
|Se recomienda enviar a los afectados una vez estabilizados a un nivel de mayor<br>complejidad si la RAM esgrave.|_√_/R|","Guia de Practica Clinica: Prevencion, Diagnostico y Tratamiento de la Tuberculosis","58","0","0","","Calibracion medica inicial estandarizada"
"GT-0027","03_cardiovascular_metabolico","gpc_hta192019.pdf","triplet_v2_01230","positive_direct","¿Qué esquema terapéutico de primera línea, dosificación y monitoreo normado establece el MSP para Evidencias y recomendaciones - Esquema y Criterios Normados (I10)?","[Tabla 1]
|Col1|- Durante los primeros 6 meses, se recomiendan consultas médicas mensuales|Col3|Col4|Col5|Col6|
|---|---|---|---|---|---|
|<br> <br>|<br>evaluación de la adherencia al tratamiento farmacológico y no farmacológico.(63,64)|<br>evaluación de la adherencia al tratamiento farmacológico y no farmacológico.(63,64)||||
||**2. Evaluación clínica:**(20,26,66,67)|<br> <br>||IA||
||- Evolución clínica y examen físico dirigido a la TA y evaluación cardiovascular.|- Evolución clínica y examen físico dirigido a la TA y evaluación cardiovascular.||||
||- Peso.|- Peso.|- Peso.|- Peso.|- Peso.|
||- Talla.|- Talla.|- Talla.|- Talla.|- Talla.|
||- Cálculo del IMC.|- Cálculo del IMC.|- Cálculo del IMC.|- Cálculo del IMC.|- Cálculo del IMC.|
||- Registro del perímetro de cintura.|- Registro del perímetro de cintura.|- Registro del perímetro de cintura.|- Registro del perímetro de cintura.|- Registro del perímetro de cintura.|
||- La evaluación rutinaria del índice tobillo-brazo no se recomienda en pacientes|- La evaluación rutinaria del índice tobillo-brazo no se recomienda en pacientes|- La evaluación rutinaria del índice tobillo-brazo no se recomienda en pacientes|- La evaluación rutinaria del índice tobillo-brazo no se recomienda en pacientes|- La evaluación rutinaria del índice tobillo-brazo no se recomienda en pacientes|","gpc_hta192019.pdf","12. Evidencias y recomendaciones","2","2","","Calibracion medica inicial estandarizada"
"GT-0028","01_urgencias_obstetricas","GPC_anomalias_de_insercion_placentaria_2017.pdf","triplet_v2_00268","positive_direct","¿Cuáles son los signos de alarma, criterios de severidad y algoritmo de derivación en Publicación y actualización reciente (2010-2016). - Esquema y Criterios Normados según la normativa nacional?","[Tabla 2]
|ATC|B03AC02|
|---|---|
|**Indicación avalada en esta**<br>**guía**|Proflaxis y tratamiento de anemia ferropénica, en casos de intolerancia oral o<br>cuando la misma es inefectiva o impracticable.|
|**Forma farmacéutica y**<br>**concentración**|Líquido parenteral 100 mg|
|**Dosis**|25 a 100 mg intramuscular o intravenoso hasta alcanzar la dosis total<br>requerida, calculada sobre la base de peso previo al embarazo, con el objetivo<br>de mantener Hb 11,0g/dl|
|**Precauciones**|◊ <br>Disponer de epinefrina inyectable antes de administrar hierro<br>parenteral. Hierro intravenoso puede ocasionar reacciones de<br>hipersensibilidad (reacciones anaflácticas) serias que podrían llegar a<br>ser fatales. Estas reacciones pueden ocurrir a pesar de que la primera<br>dosis haya sido bien tolerada.<br>◊ <br>Hierro intravenoso debe ser administrado solamente por un equipo<br>capacitado en maniobras de resucitación, los pacientes deben ser<br>monitorizados durante y por lo menos 30 minutos después de cada<br>administración. Si se presentara reacción de hipersensibilidad, el<br>tratamiento debe ser detenido inmediatamente e iniciar un tratamiento<br>adecuado.<br>◊ <br>El riesgo de hipersensibilidad se incrementa en pacientes con<br>antecedentes de alergias, enfermedades autoinmunes o enfermedades<br>como asma o eczema. En estos pacientes, el uso del hierro intravenoso<br>está indicado solamente si los benefcios sobrepasan los riesgos.<br>◊ <br>En alcoholismo activo o en remisión, hay incremento de los depósitos<br>hepáticos de hierro.<br>◊ <br>En pacientes que reciben transfusiones sanguíneas frecuentes, puede<br>haber sobrecarga de hierro.<br>◊ <br>No se recomienda el uso en menores de cuatro meses.<br>◊ <br>Úlcera péptica puede agravarse con hierro oral.<br>◊ <br>Deterioro hepático. Infecciones renales agudas, pueden favorecer<br>acumulación de hierro.|
|**Contraindicaciones**|Hipersensibilidad al medicamento, hemocromatosis o hemosiderosis.<br>Anemias de otro origen, tales como anemia hemolítica o talasemia. Porfria<br>cutánea tardía, que puede ser causada por exceso de hierro en el hígado y<br>en las infecciones renales agudas.|","GPC_anomalias_de_insercion_placentaria_2017.pdf","4.	 Publicación y actualización reciente (2010-2016).","2","2","","Calibracion medica inicial estandarizada"
"GT-0029","01_urgencias_obstetricas","GPC_atencion_parto_por_cesarea_2015.pdf","triplet_v2_00233","positive_direct","¿Cuáles son los signos de alarma, criterios de severidad y algoritmo de derivación en Evidencias y recomendaciones - Esquema y Criterios Normados según la normativa nacional?","[Tabla 3]
|Las mujeres deben ser informadas de que el apoyo continuo de los profesionales de salud,<br>de la familia o acompañante, durante el trabajo de parto reduce la probabilidad de cesárea.17|R-A|
|---|---|
|En el Ecuador la desición del acompañante elegido  en el trabajo de parto, parto, o cesárea<br>será defnidopor la mujer embarazada.|P|
|A las mujeres con un embarazo sin complicaciones se les debe ofrecer<br>inducción del trabajo de parto después de las 41 semanas porque esto reduce el riesgo de la<br>mortalidadperinataly laprobabilidad de cesárea.17|**R-A**|
|Un partograma con una línea de acción de 4 horas debe ser usado para monitorear el progreso<br>del trabajo de parto de las mujeres en un embarazo a término único sin complicaciones, ya<br>que reduce laprobabilidad de cesárea.17|**R-A**|","GPC_atencion_parto_por_cesarea_2015.pdf","10. Evidencias y recomendaciones","2","2","","Calibracion medica inicial estandarizada"
"GT-0030","02_respiratorio_pediatrico","GPC_neumonía-adquirida_2017.pdf","triplet_v2_00013","positive_direct","¿Cuál es el protocolo normativo y esquema terapéutico para Diagnóstico, Signos de Gravedad y Tratamiento de Neumonía Pediátrica (Neumonía no especificada) según la GPC oficial del MSP Ecuador?","[Tabla 1]
|Título de la guía|Neumonía adquirida en la comunidaden<br>pacientes de 3 meses a 15 años|
|---|---|
|**Metodología**|Esta guía fue adaptada mediante la metodología ADAPTE [1] y AGREE II [2]<br>a partir de la guía de práctica clínica internacional:<br>_- Bradley JS, Byington CL, Shah SS, Alverson B, Carter ER, Harrison C, et al._<br>_The management of community-acquired pneumonia in infants and children_<br>_older than 3 months of age: clinical practice guidelines by the Pediatric_<br>_Infectious Diseases Society and the Infectious Diseases Society of America._<br>_Clin Infec Dis. 2011;53(7):25-76_[3]_._<br>Los contenidos fueron actualizados a partir de la evidencia científca<br>publicada desde 2009 hasta 2015 con énfasis en el uso de revisiones<br>sistemáticas y ensayos clínicos controlados aleatorizados.<br>El proceso de adaptación incluyó la revisión por pares de la guía para su<br>adaptación al contexto nacional y reuniones de consenso y validación del<br>diagnósticoy manejo farmacológico.|
|**Validación**|Método de validación: validación por pares clínicos<br>Validación interna: Ministerio de Salud Pública<br>Validación externa: Sistema Nacional de Salud|
|**Fuente de**<br>**fnanciamiento**|Ministerio de Salud Pública del Ecuador|
|**Conficto de interés**|Todos los miembros involucrados en la adaptación de esta guía de práctica<br>clínica han declarado la ausencia de conficto de interés en relación con la<br>información, objetivosy propósitos de lapresenteguía.<br>|","GPC_neumonía-adquirida_2017.pdf","1. Descripción general de esta guía","2","2","","Calibracion medica inicial estandarizada"
"GT-0031","04_soporte_cronicos_salud_mental","Caries.pdf","triplet_v2_01483","positive_direct","¿Qué esquema terapéutico de primera línea, dosificación y monitoreo normado establece el MSP para Indicador predictivo de riesgo de caries - Esquema y Criterios Normados (K02)?","[Tabla 3]
|Recomendaciones/Evidencias|Nivel/Grado|
|---|---|
|Se recomienda el uso de sellantes resinosos en lesiones incipientes no cavitadas oclusales<br>para detener la progresión de la caries.50|R A|
|La aplicación de sellantes en lesiones oclusales no cavitadas de dientes permanentes es<br>efectiva para prevenir la progresión de la caries.51|E 1b|
|La aplicación de sellantes sobre lesiones incipientes de caries no aumenta el desarrollo de la<br>enfermedad bajo los mismos.51,52|E 1b|
|Una alternativa al sellante es la aplicación periódica del barniz de fúor.50|R A|
|Pese a no existir estudios que comparen la efectividad del barniz de fúor y sellante para<br>detener lesiones incipientes de caries, la efectividad del barniz para la prevención de caries es<br>considerada como una alternativa de tratamiento.27,53|E 1b|
|En las lesiones donde la presencia de cavitación permanece incierta posterior al examen<br>radiográfco, se recomienda el uso de sellantes o barniz de fúor y control periódico de la lesión.54|R C|","Caries.pdf","12. Indicador predictivo de riesgo de caries","2","2","","Calibracion medica inicial estandarizada"
"GT-0032","04_soporte_cronicos_salud_mental","gpc_cuidados_paliativos_completa_2014.pdf","gpc_gpc_cuidados_paliativos_completa_2014_chunk_0083","contextual_neutral","¿Qué esquema terapéutico de primera línea, dosificación y monitoreo normado establece el MSP para Clasificación del acné - Esquema y Criterios Normados (L70.0)?","RS de distintos tipos de estudios

En un estudio comparativo realizado entre pacientes y familiares de Canadá y España en el momento de iniciar su atención en unidades de CP se observaron diferencias significativas sobre las demandas de información acerca de la enfermedad (tipo y pronóstico) y aspectos de su manejo (administración de tratamientos).50 Los pacientes españoles manifestaron un menor deseo de conocer la información, aunque en mayor proporción que sus familiares. Esta discrepancia no se observó en el grupo canadiense.

En la RS,49 se aprecian otros factores relacionados con una menor demanda de información, como son la edad avanzada y una corta expectativa de supervivencia. La revisión subraya que no es posible generalizar acerca de las necesidades de información basándose en las características demográficas o culturales. Se recomienda a los profesionales sanitarios evaluar las necesidades de información de manera individualizada y de forma continuada a lo largo del tiempo. Otra particularidad detectada en la revisión es que, en general, las necesidades de información a medida que avanza la enfermedad son menores en los pacientes, mientras que entre los cuidadores crece la demanda.

5.1.2. Estilos de comunicación

Respecto al estilo de comunicación, prácticamente todos los estudios de la RS49 provienen del medio anglosajón. Los pacientes y los familiares destacan que la información debe ser sincera, sensible y con margen de esperanza; que desean sentirse escuchados de una manera activa por profesionales que muestren empatía, utilicen un lenguaje claro y suministren la información en pequeñas cantidades. En el estudio cualitativo realizado en España, las conclusiones fueron muy coincidentes. En cuanto a si debe proporcionarse la información al enfermo solo o acompañado por otra persona, los resultados de la RS son variables y se deben valorar de manera individual.49

RS de distintos

tipos de estudios

Otras publicaciones muestran conclusiones que van en la misma línea. Los enfermos consideran que entre los atributos esenciales que debe poseer un profesional de la salud se halla «la voluntad de escuchar y explicar».51 Otros estudios destacan la importancia que los cuidadores de los pacientes en la FFV otorgan a que la toma de decisiones sea compartida y a que la relación del enfermo con el profesional sanitario se establezca en condiciones horizontales y participativas.52

5.1.3. Métodos de información","Guia de Practica Clinica: Cuidados Paliativos","60","0","0","","Calibracion medica inicial estandarizada"
"GT-0033","03_cardiovascular_metabolico","gpc_hta192019.pdf","triplet_v2_00978","positive_direct","¿Cuáles son los signos de alarma, criterios de severidad y algoritmo de derivación en Abreviaturas - Esquema y Criterios Normados según la normativa nacional?","[Tabla 2]
|Col1|Recomendaciones|Col3|Col4|Nivel/|Col6|
|---|---|---|---|---|---|
|||||**clase**|**clase**|
|<br> <br>|Se recomienda que el primer objetivo del tratamiento sea reducir la TA a <140/90|<br>||IA||
|<br> <br>|mmHg en todos los pacientes y, siempre que el tratamiento sea bien tolerado, los|mmHg en todos los pacientes y, siempre que el tratamiento sea bien tolerado, los||||
|<br> <br>|valores de TA tratados deben dirigirse a valores inferiores a 130/80 mmHg.(20)|valores de TA tratados deben dirigirse a valores inferiores a 130/80 mmHg.(20)|valores de TA tratados deben dirigirse a valores inferiores a 130/80 mmHg.(20)|valores de TA tratados deben dirigirse a valores inferiores a 130/80 mmHg.(20)|valores de TA tratados deben dirigirse a valores inferiores a 130/80 mmHg.(20)|
||Los pacientes con diabetes mellitus deben tener una presión menor a 130/80.(20)|||IA||
|<br>|Los pacientes con infarto cerebral previo o ataque isquémico transitorio deben tener|||IA||
|<br>|valores inferiores a 130/80.(20)|valores inferiores a 130/80.(20)||||
||Los pacientes con enfermedad coronaria deben tener valores de 130/80.(20)|||IA||
||En enfermedad renal crónica la meta es tener valores inferiores a 130-140/80.(20)|||IA||","gpc_hta192019.pdf","13. Abreviaturas","2","2","","Calibracion medica inicial estandarizada"
"GT-0034","02_respiratorio_pediatrico","GP_Tuberculosis-1.pdf","triplet_v2_00662","positive_direct","¿Cuáles son los signos de alarma, criterios de severidad y algoritmo de derivación en WHO treatment guidelines for drug-resistant Tuberculosis. 2016. (71,113) - Esquema y Criterios Normados según la normativa nacional?","[Tabla 1]
|Col1|Monitoree la concentración de fenitoin o carbamazepina<br>en pacientes recibiendo estos medicamentos (incrementa<br>la concentración de fenitoin y el riesgo de hepatotoxicidad<br>con la carbamazepina), especialmente cuando están en<br>una monoterapia con Isoniacida. La rifampicina tiende a<br>bajar la concentración de esos<br>medicamentos.|
|---|---|","GP_Tuberculosis-1.pdf","2010. WHO treatment guidelines for drug-resistant Tuberculosis. 2016. (71,113)","2","2","","Calibracion medica inicial estandarizada"
"GT-0035","03_cardiovascular_metabolico","gpc_hta192019.pdf","triplet_v2_00940_neg","hard_negative_plausible","Describa el protocolo de manejo clínico inmediato y contraindicaciones normadas en Evidencias y recomendaciones - Esquema y Criterios Normados según la GPC oficial del Ecuador.","[Tabla 1]
| Indicador / Criterio Clínico | Descripción Normativa |
|---|---|
| »» Proceder a atender el parto en libre posición para la mujer y con enfoque de derecho humano e intercultural, según GPC del parto. »» Canalizar vía venosa empleando solución salina al 0.9% Ringer Lactato »» Preeclampsia/eclampsia: Manejo de emergencia (p. 42) »» RPM: ver manejo de emergencia (p. 42) »» Prever alta probabilidad de Reanimación Neonatal (p.45) »» Prever referir en postparto inmediato a la madre y RN. | **SI, además de una o más de la señales**<br>**del cuadro superior y presenta:**<br>• <br>3 o más contracciones intensas en 10<br>minutos y/o<br>• <br>Ganas de pujar y/o<br>• <br>Adelgazamiento de periné y/o<br>• <br>Apertura de la vagina, cabeza fetal visible |
| »» Proceder a atender el parto según GPC del parto. »» Preparar el nacimiento considerando probabilidad de Maniobras de Reanimación Neonatal (p. 45) | **Si la mujer no tiene las características de**<br>**las clasifcaciones anteriores pero tiene.**<br>• <br>3 o más contracciones intensas en 10<br>minutos y/o<br>• <br>Ganas de pujar y/o<br>• <br>Adelgazamiento de periné y/o<br>• <br>Apertura de la vagina, cabeza fetal visible |
| »» Colocar en decúbitos lateral izquierdo »» Referir al establecimiento de salud adecuado para la atención al parto. | Si la mujer no tiene las características<br>de las clasifcaciones anteriores y el<br>parto no es inminente |","Hard Negative Inter-Eje","12. Evidencias y recomendaciones","0","0","","Calibracion medica inicial estandarizada"
"GT-0036","01_urgencias_obstetricas","GPC_anomalias_de_insercion_placentaria_2017.pdf","triplet_v2_00151_neg","hard_negative_plausible","¿Cuáles son los signos de alarma, criterios de severidad y algoritmo de derivación en Publicación y actualización reciente (2010-2016). - Esquema y Criterios Normados según la normativa nacional?","El equipo de trabajo seleccionó como material de partida guías de práctica clínica con los siguientes criterios de inclusión:

1.	 Idioma inglés, español y portugués.

2.	 Metodología de medicina basada en evidencias (meta-análisis, revisiones sistemáticas

y ensayos clínicos controlados).

3.	 Consistencia y claridad en las recomendaciones.

4.	 Publicación y actualización reciente (2010-2016).

Se encontraron 155 documentos obtenidos a través de búsquedas en bases de datos y 4 documentos identificados a través de otros recursos como sitios y documentos de soporte para el proceso de adaptación, en total 159 registros. De estos, se excluyeron 6 duplicados, 139 textos incompletos y 7 por la baja calidad metodológica. El total de 4 guías de hemofilia fueron calificadas con el instrumento AGREE II. (20) Producto de este proceso resultó el siguiente documento para ser adaptado (ver anexo 1):

• Federación Mundial de Hemofilia. Guías para el tratamiento de la hemofilia. Segunda Edición; Montreal; 2012. (2)

12.  Gradación de la evidencia y símbolos utilizados

En esta guía de práctica clínica para el nivel de evidencia y la fuerza de las recomendaciones se utilizó la escala de Oxford, y para algunas recomendaciones se mantuvo la escala de gradación GRADE del documento original (tablas 4, 5 y 6).

Tabla 4. Escala de gradación de evidencia de Oxford","Hard Negative Inter-Eje","4.	 Publicación y actualización reciente (2010-2016).","1","0","","Calibracion medica inicial estandarizada"
"GT-0037","03_cardiovascular_metabolico","gpc_hta192019.pdf","triplet_v2_01102_neg","hard_negative_plausible","¿Cuáles son los signos de alarma, criterios de severidad y algoritmo de derivación en Evidencias y recomendaciones - Esquema y Criterios Normados según la normativa nacional?","Una vez que se cuenta con el diagnóstico de neumonía adquirida en la comunidad (ver anexo 3), es necesario identificar la severidad del cuadro.

Tabla 4. Criterios de severidad en pacientes con neumonía adquirida en la comunidad

Interpretación: el médico debe considerar traslado al servicio de terapia intensiva o un servicio con monitorización cardiorrespiratoria continua para el niño que tiene más de un criterio mayor o más de dos criterios menores.

Tomado de: Bradley et al. The management of community-acquired pneumonia in infants and children older than 3 months of age [3].","Hard Negative Inter-Eje","12. Evidencias y recomendaciones","0","0","","Calibracion medica inicial estandarizada"
"GT-0038","04_soporte_cronicos_salud_mental","Guía-fibrosis-quística.pdf","triplet_v2_01412","positive_direct","¿Cuáles son los criterios clínicos, diagnóstico y conducta médica recomendada para Manejo de la patología respiratoria - Esquema y Criterios Normados según la GPC de Guia de Practica Clinica: Fibrosis Quistica y Manual de Procedimientos del MSP Ecuador?","[Tabla 1]
|La dosis que debe emplearse de rh DNasa/Dornasa alfa es de 2,5 mg sin diluir una vez<br>al día todos los días; sin embargo, pacientes mayores de 21 años o con una FVC > 85%<br>pueden beneficiarse de dos administraciones diarias,27 previas a la nebulización o a dos<br>inhalaciones del β2 agonista y posteriores a una sesión de fisioterapia; debe transcurrir al<br>menos media hora entre su administración y la de antibióticos inhalados.27|B-IIa|
|---|---|
|La secuencia recomendada para el tratamiento inhalatorio según el Consenso Europeo es:19<br>- Broncodilatador (salbutamol + bromuro de ipratropio nebulizado o presurizado)<br>- Terapia respiratoria<br>- Mucolíticos (rh DNasa y/o solución hipertónica)<br>- Tiempo de espera 30 minutos a una hora antes de continuar con la siguiente nebulización<br>- Antibiótico nebulizado (tobramicina inhalatoria o colistimetato sódico)<br>- Corticoide inhalado u otra medicación indicada||
|Antiinfamatorios: los corticoides orales: están indicados en la reagudización infecciosa<br>que, a pesar de estar recibiendo tratamiento antibiótico apropiado, persiste con<br>obstrucción bronquial; en estos casos, se sugiere iniciar prednisona 1- 2 mg/kg/día con un<br>tope máximo de 40 mg/d durante 5-7 días.16|**B-Ia**|
|Corticoides inhalatorios: Están indicados en los pacientes que demuestren hiperreactividad<br>bronquial, tanto desde elpunto de vista clínico cuanto de laboratorio.||","Guía-fibrosis-quística.pdf","1. Manejo de la patología respiratoria","2","2","","Calibracion medica inicial estandarizada"
"GT-0039","04_soporte_cronicos_salud_mental","GPC_Artitis_Reumatoide.pdf","triplet_v2_01397","positive_direct","¿Cuáles son los signos de alarma, criterios de severidad y algoritmo de derivación en Evidencias y recomendaciones - Esquema y Criterios Normados según la normativa nacional?","*Medicamento no consta en la lista de medicamentos esenciales del CNMB 9na revisión. Conforme la norma vigente, requiere justificación técnica para evaluar pertinencia de  adquisición y financiamiento por parte de la Red Pública Integral de Salud.

Hepatitis y VIH

[Tabla 1]
|NO se recomienda el uso de MTX y LEF* durante el embarazo. (224–227)|R: C|
|---|---|
|Otros FARME, como los antipalúdicos y la sulfasalazina, pueden ser considerados en<br>mujeresque deseenprogramar un embarazo.(97,225,228,229)|**R: D**|
|Durante el embarazo el uso de MTX está formalmente contraindicado, debe ser<br>suspendido de preferencia 4 meses antes de la gestación, y en caso de falta de<br>planeación debe suspenderse de inmediato.(97,225,226)|**R: D**|
|La mujer en tratamiento con LEF* debe esperar 2 años después de suspenderla para<br>programar un embarazo.(97,225)<br>|**E: III**<br>**R: C**|
|En mujeres en tratamiento con lefunomida* que desean embarazarse antes de los 2<br>años, se recomienda realizar lavado con colestiramina 8 gramos (g) cada 8 horas, o<br>carbón activado 50 g a cada 6 horas durante 11 días (en ambos casos), logrando con<br>esto la eliminación del medicamento en 3 meses. (97)<br>Después del lavado, se debe cuantifcar niveles plasmáticos del metabolito activo,<br>que deben ser menores a 0.02 miligramos sobre litro. Se verifcará este nivel 14 días<br>después de laprimera determinación.(97)|**R:C**|
|La terapia con anti-TNF en el embarazo está contraindicada.(97,225)<br>|**E: III**|","GPC_Artitis_Reumatoide.pdf","13. Evidencias y recomendaciones","2","2","","Calibracion medica inicial estandarizada"
"GT-0040","02_respiratorio_pediatrico","gpc_ehirn2019.pdf","gpc_gpc_ehirn2019_chunk_0109","contextual_neutral","¿Cuáles son los criterios clínicos, diagnóstico y conducta médica recomendada para Desarrollo - Esquema y Criterios Normados según la GPC de Guia de Practica Clinica: Alimentacion y Nutricion de la Gestante y Lactancia Materna del MSP Ecuador?","[Tabla 2]
| Indicador / Criterio Clínico | Descripción Normativa |
|---|---|
|<br> <br> <br> <br> <br> <br> <br> <br> <br> <br> <br> <br> <br> <br> <br> <br> <br> <br>|isquémica. 2017|isquémica. 2017|isquémica. 2017|isquémica. 2017|isquémica. 2017|isquémica. 2017|isquémica. 2017|isquémica. 2017|isquémica. 2017|isquémica. 2017|isquémica. 2017|isquémica. 2017|isquémica. 2017|isquémica. 2017|isquémica. 2017|isquémica. 2017|isquémica. 2017|isquémica. 2017|
|<br> <br> <br> <br> <br> <br> <br> <br> <br> <br> <br> <br> <br> <br> <br> <br> <br> <br>|<br>Elaboración: propia|<br>Elaboración: propia|<br>Elaboración: propia|<br>Elaboración: propia|<br>Elaboración: propia|<br>Elaboración: propia|<br>Elaboración: propia|<br>Elaboración: propia|<br>Elaboración: propia|<br>Elaboración: propia|<br>Elaboración: propia|<br>Elaboración: propia|<br>Elaboración: propia|<br>Elaboración: propia|<br>Elaboración: propia|<br>Elaboración: propia|||","Guia de Practica Clinica: Enfermedad Hemolitica del Recien Nacido","33","0","0","","Calibracion medica inicial estandarizada"
"GT-0041","04_soporte_cronicos_salud_mental","gpc_VIH_acuerdo_ministerial05-07-2019.pdf","triplet_v2_01530_neg","hard_negative_plausible","¿Cuáles son los criterios clínicos, diagnóstico y conducta médica recomendada para Pérdida de peso - Esquema y Criterios Normados según la GPC de Guia de Practica Clinica: Atencion Integral de Adultos y Adolescentes con Infeccion por VIH del MSP Ecuador?","Clasificación CIE-10

E75.2	 Enfermedad de Gaucher

Código internacional OMIM

OMIM #: 230800 Gaucher tipo I, Gene map locus 1q21

Justificación

La intervención temprana, así como el manejo integral e interdisciplinario sistematizado de esta patología, permitirá su diagnóstico precoz, tratamiento oportuno y seguimiento adecuado, mejorando la calidad de vida de los pacientes. Esta GPC conforma un conjunto de recomendaciones desarrolladas de manera sistemática y con sustento en el mayor nivel de evidencia científica disponible, cuyo propósito es optimizar y estandarizar el manejo, mejorar el uso de recursos, y los mecanismos de referencia y contrarreferencia de los pacientes con Enfermedad de Gaucher tipo 1.

Propósito de esta GPC

Esta GPC forma parte de las guías que desarrolla la Dirección Nacional de Normatización del MSP, y la Subsecretaría de Gobernanza de la Salud Pública.

La finalidad de esta GPC es establecer un referente nacional para orientar la toma de decisiones clínicas basadas en recomendaciones sustentadas en la mejor evidencia disponible.","Hard Negative Intra-Eje","5. Pérdida de peso","0","0","","Calibracion medica inicial estandarizada"
"GT-0042","02_respiratorio_pediatrico","GP_Tuberculosis-1.pdf","triplet_v2_00907","positive_direct","¿Cuáles son los signos de alarma, criterios de severidad y algoritmo de derivación en 3 Tratamiento de la TB según la normativa nacional?","14.3.2 Tratamiento para casos con TB resistente

Todos los esquemas de tratamiento que se detallan a continuación deberán ser prescritos únicamente por el Comité Técnico Asesor Nacional de TB.

El Ecuador adopta las directrices de OMS (2016) para la administración del esquema acortado con una duración de 9-12 meses, para el tratamiento de casos de tuberculosis resistente a rifampicina (TB-RR) o tuberculosis multidrogoresistente (TB-MDR) (113,181):

4-6* Km (Am) - Mfx altas dosis -Eto-H altas dosis Cfz-Z-E/5 Mfx-Cfz-Z-E

Este esquema consta de dos fases:

Fase intensiva: Consiste en Kanamicina (Km) – Moxifloxacina (MFX) en altas dosis – Etionamida (Eto) – Isoniacida (H) en altas dosis – Clofazimina (Cfz) – Prirazinamida (Z) – Etambutol (E). La administración se realizará en forma diaria por cuatro meses.

*La fase intensiva se prolongará hasta los 6 meses en aquellos casos en que la baciloscopia siga positiva al final del cuarto mes. Si al final del sexto mes la baciloscopia sigue positiva, se considerará el fracaso del esquema y se diseñará un esquema individualizado con medicamentos de segunda línea.","GP_Tuberculosis-1.pdf","14.3 Tratamiento de la TB","2","2","","Calibracion medica inicial estandarizada"
"GT-0043","04_soporte_cronicos_salud_mental","gpc_episodio_depresivo_adultos.pdf","triplet_v2_01674_neg","hard_negative_plausible","¿Cuáles son los criterios clínicos, diagnóstico y conducta médica recomendada para Referencias según la GPC de Guia de Practica Clinica: Episodio Depresivo en Adultos del MSP Ecuador?","“Los episodios depresivos se convierten en trastorno depresivo recurrente cuando, además del episodio actual, ha habido por lo menos un episodio depresivo leve, moderado o grave separado del nuevo al menos por dos meses libres de cualquier otra alteración significativa del ánimo y no presenta síntomas que cumplan con los criterios de episodio maníaco o hipomaníaco en cualquier período de la vida” [4,6].

Una vez hecho el diagnóstico, se debe proceder a evaluar la gravedad del mismo (tabla 9).

Tabla 9. Criterios de gravedad de un episodio depresivo según CIE-10

Episodio depresivo leve

Están presentes los criterios generales, al menos dos síntomas del criterio B y uno o más de los síntomas del criterio C para que la suma total de síntomas sea al menos 4 (tabla 8). La persona con un episodio leve probablemente está apta para continuar la mayoría de sus actividades.

Episodio depresivo moderado

Están presentes los criterios generales, al menos dos síntomas del criterio B y síntomas adicionales del criterio C, hasta sumar un mínimo de seis síntomas en total. La persona con un episodio moderado probablemente tendrá dificultades para continuar con sus actividades ordinarias.

Episodio depresivo grave (sin síntomas psicóticos)

Deben estar presentes los criterios generales, los tres síntomas del criterio B y síntomas del criterio C con un mínimo de ocho síntomas en total. Las personas con este tipo de depresión presentan síntomas marcados y angustiantes; en especial, la pérdida de autoestima y los sentimientos de culpa e inutilidad. Son comunes las ideas y las acciones suicidas, y se presentan síntomas somáticos importantes. El episodio grave sin síntomas psicóticos incluye episodios aislados de depresión mayor y depresión vital, pero excluye alucinaciones, ideas delirantes o estupor depresivo.

Episodio depresivo grave (con síntomas psicóticos)","Hard Negative Intra-Eje","15. Referencias","1","0","","Calibracion medica inicial estandarizada"
"GT-0044","01_urgencias_obstetricas","GPC_atencion_parto_por_cesarea_2015.pdf","gpc_GPC_atencion_parto_por_cesarea_2015_chunk_0009","contextual_neutral","Describa el protocolo de manejo clínico inmediato y contraindicaciones normadas en Publicación y actualización reciente (2010-2016). según la GPC oficial del Ecuador.","4. Introducción

A nivel mundial la cesárea es realizada en un alto porcentaje de embarazadas; en Europa se reporta una incidencia del 21%, en Estados Unidos 26 %,  en Australia 23% y en Latinoamérica (Chile, Argentina, Brasil, Paraguay y México)  sobrepasa el 50%. En el Ecuador, en el año 2014 el índice de cesáreas solo del MSP fue de 41.2%.2,3

La Organización Mundial de la Salud menciona que en ninguna región del mundo se justifica una incidencia de cesárea mayor  al 10-15%.3,4

a corto plazo, factores demográficos y nutricionales, y la percepción de la seguridad del procedimiento por parte de los prestadores y las pacientes.5

En particular, este último es un factor que influye en el incremento de la cesárea electiva sin indicación médica específica. Sin embargo, los resultados obtenidos en la Encuesta Global de Salud Materna y Perinatal de la OMS indican que el aumento de las tasas de cesáreas se relacionan con un mayor uso de tratamiento antibiótico en el periodo puerperal e incremento de la morbilidad materna severa. El aumento en la tasa de nacimientos por cesárea, está también asociado con un aumento en las tasas de morbimortalidad neonatal. Con el consecuente incremento de estadía de los recién nacidos en unidades de cuidados intermedios o  intensivos durante siete días.4,5

La alta incidencia de cesáreas se considera un problema de salud pública. Se ha establecido que las causas son diversas, entre las que se pueden mencionar: valoración inadecuada del riesgo obstétrico, bajo índice de control prenatal, preferencias del médico y la embarazada, mala valoración del riesgo fetal, entre otras.4,6

El incremento de cesáreas se relaciona con una mayor morbilidad y mortalidad materna futura  ya que se eleva el riesgo de placenta previa y acretismo placentario, lo que condiciona una mayor posibilidad de hemorragia obstétrica y por lo tanto mayor probabilidad de muerte materna, además de los riesgos quirúrgicos y anestésicos.6","Guia de Practica Clinica: Atencion del Parto por Cesarea","9","0","0","","Calibracion medica inicial estandarizada"
"GT-0045","03_cardiovascular_metabolico","gpc_hta192019.pdf","triplet_v2_01275","positive_direct","Describa el protocolo de manejo clínico inmediato y contraindicaciones normadas en Abreviaturas según la GPC oficial del Ecuador.","ARAII Antagonistas de los receptores de angiotensina II

AV Aurículo-ventricular

BB Beta bloqueantes

CA Calcio antagonista

CCK Colecistokinina

CKD-EPI Chronic Kidney Disease Epidemiology Collaboration

Cm Centímetro

COX-2 Enzima ciclo oxigenasa tipo 2

DALY Disability Adjusted Life Years

d Día

DE Desvío estándar

Na Sodio NADH Nicotinamida adenina di nucleótido reducida NADPH Nicotinamida adenina di nucleótido fosfato reducida OMS Organización Mundial de la Salud ON Óxido nítrico PAN Péptido atrial natriurético PATHS Estudio de prevención y tratamiento de la tensión arterial PF2 alfa Prostaglandina 2 alfa PICO Paciente, intervención, comparación, resultado, observado PIV Péptido intestinal vasoactivo PNC Péptido atrial natriurético tipo C PUCE Pontificia Universidad Católica del Ecuador SNS Sistema Nacional de Salud SRAA Sistema Renina Angiotensina Aldosterona T° Temperatura TA Tensión arterial TAC Tomografía axial computarizada TAS Tensión arterial sistólica TAD Tensión arterial diastólica TFG Tasa de filtrado glomerular TSH Thyroid Stimulating Hormone TXA2 Tromboxano A2 USPSTF United States Preventive Services Task Force WPW Wolf-Parkinson-White

https://www.nejm.org/doi/pdf/10.1056/NEJMvcm0800157

125.  Ball J, Dains J, Flynn J, Solomon B, Stewart R. Vital signs and pain assessment. Seidel’s

Guid to Phys Exam [Internet]. 2015;4. Disponible en: http://pennstatehershey.adam.com/content.aspx?productId=117&pid=1&gid=002341

126.  Organización Mundial de la Salud. Obesidad y sobrepeso. OMS [Internet]. 2018;

Disponible en: https://www.who.int/es/news-room/fact-sheets/detail/obesity-and- overweight 127.  de Onis M. Valores de Referencia de la Organización Mundial de la Salud. ebook.ecogobesity.eu. 2015;1–18.","gpc_hta192019.pdf","13. Abreviaturas","2","2","","Calibracion medica inicial estandarizada"
"GT-0046","04_soporte_cronicos_salud_mental","gpc_episodio_depresivo_adultos.pdf","triplet_v2_01662","positive_direct","¿Qué esquema terapéutico de primera línea, dosificación y monitoreo normado establece el MSP para Jindal RD. Insomnia in patients with depression: some pathophysiological and (F32.9)?","120.	 Jindal RD. Insomnia in patients with depression: some pathophysiological and

treatment considerations. CNS Drugs. 2009; 23 (4): 309-29.

121.	 Cuijpers P, Van Straten A, Van Schaik A, Andersson G. Psychological treatment of

depression in primary care: a meta-analysis. Br J Gen Pract. 2009 Feb; 59 (559): e51-60.

122.	 Markowitz JC. When should psychotherapy be the treatment of choice for major

depressive disorder? Curr Psychiatry Rep. 2008 Dic; 10 (6): 452-7.

124.	 Malhi GS, Adams D, Porter R, Wignall A, Lampe L, O’Connor N, et al.; Northern

Sydney Central Coast Mental Heatlth Drug & Alcohol; NSW Health Clinical Redisign Program; CADE Clicic, University of Sydney. Clinical practice recommendations for depression. Acta Psychiatr Scand Suppl. 2009; (439): 8-26.

125.	 Maina G, Forner F, Bogetto F. Randomized controlled trial comparing brief dynamic

and supportive therapy with waiting list condition in minor depressive disorders. Psychother Psychosom. 2005; 74 (1): 43-50.

126.	 Donker T, Griffiths KM, Cuijpers P, Christensen H. Psychoeducation for depression,

anxiety and psychological distress: a meta-analysis. BMC Med. 2009 Dic 16; 7:79.

127.	 Barth J, Munder T, Gerger H, Nüesch E, Trelle S, Znoj H, et al. Comparative efficacy

of seven psychotherapeutic interventions for patients with depression: a network meta-analysis. PLoS Med. 2013; 10 (5): e1001454.

128.	 Butler AC, Chapman JE, Forman EM, Beck AT. The empirical status of cognitive-behavioral

therapy: a review of meta-analyses. Clin Psychol Rev. 2006 Ene; 26 (1): 17-31.

129.	 Bockting CLH, Spinhoven P, Wouters LF, Koeter MWJ, Schene AH; DELTA Study","gpc_episodio_depresivo_adultos.pdf","120.	 Jindal RD. Insomnia in patients with depression: some pathophysiological and","2","2","","Calibracion medica inicial estandarizada"
"GT-0047","04_soporte_cronicos_salud_mental","gpc_VIH_acuerdo_ministerial05-07-2019.pdf","triplet_v2_01523_neg","hard_negative_plausible","¿Cuáles son los signos de alarma, criterios de severidad y algoritmo de derivación en Pérdida de peso - Esquema y Criterios Normados según la normativa nacional?","Subpreguntas

• ¿Cuáles son los criterios para analizar la dinámica  familiar antes de determinar un plan de apoyo? • ¿Qué información de apoyo es eficaz para el acceso al acompañamiento de la familia y cuidadores del paciente con diagnóstico de TEA? • ¿Cuáles son los principales problemas asociados con la atención a las familias y cuidadores del paciente con diagnóstico de TEA?

13.7 Criterios de referencia y contrarreferencia

14. Monitoreo de calidad

El equipo de mejoramiento continuo de la calidad debe aplicar el Manual de estándares, indicadores e instrumentos para medir la calidad de la atención.","Hard Negative Intra-Eje","5. Pérdida de peso","0","0","","Calibracion medica inicial estandarizada"
"GT-0048","04_soporte_cronicos_salud_mental","GPC_trastornos_del_espectro_autista_2017-1.pdf","triplet_v2_01670","positive_direct","¿Qué esquema terapéutico de primera línea, dosificación y monitoreo normado establece el MSP para 3 Investigación etiológica, comorbilidades y diagnóstico diferencial (F84.0)?","del estado anímico (depresivo, trastorno bipolar), trastorno por déficit de atención e hiperactividad (TDAH) y el trastorno disruptivo del comportamiento. De acuerdo a varios estudios la comorbilidad de los TEA oscila entre el 40 % y el 70 %, los mismos que han revelado una relación inversa entre la edad de la persona y los niveles de comorbilidad (55,56,92,94).

Existen otras comorbilidades que pueden presentarse en las personas con TEA, como:

Epilepsia. Existe una amplia variación entre los índices de comorbilidad que se plantean entre los TEA aunque los resultados varían de acuerdo al método de análisis empleado. Sin embargo, se mantienen como factores de riesgo el retraso mental, el género, la gravedad en los rasgos autistas, la historia familiar y la regresión en el desarrollo. Las anormalidades epileptiformes en el EEG son comunes en los niños y adolescentes con TEA (10 % al 72 % según los reportes). No hay recomendaciones basadas en evidencia para el tratamiento de estas “convulsiones subclínicas” y existe debate sobre si estas tienen alteraciones en el lenguaje, cognición y conducta. No se solicita EEG a las personas con TEA que no manifiesten epilepsia; sin embargo debe mantenerse el respectivo monitoreo (57,61,95,96).

Problemas gastrointestinales. Los niños y adolescentes con TEA reportan síntomas gastrointestinales durante los tres primeros años de vida con mayor frecuencia; las manifestaciones más comunes son alergia, intolerancia a los alimentos, estreñimiento y diarrea. Si la persona con TEA presenta dolor abdominal recurrente o crónico, constipación, vómitos y diarrea se evaluará el tracto gastrointestinal (97,98).

Alteraciones del sueño. Las madres reportan tres problemas específicos del sueño en relación con el dolor: parasomnias, trastornos respiratorios y duración del sueño (99,100).

Alteraciones de la conducta. Quienes padecen TEA muestran tasas elevadas de comportamientos difíciles como: rabietas, agresión y destrucción de propiedad (101,102).","GPC_trastornos_del_espectro_autista_2017-1.pdf","13.3 Investigación etiológica, comorbilidades y diagnóstico diferencial","2","2","","Calibracion medica inicial estandarizada"
"GT-0049","02_respiratorio_pediatrico","GPC-Recén-nacido-prematuro.pdf","gpc_GPC-Recén-nacido-prematuro_chunk_0170","contextual_neutral","¿Qué intervenciones farmacológicas y no farmacológicas de grado A/B están normadas por el MSP en Anexos - Esquema y Criterios Normados para Guia de Practica Clinica: Recien Nacido con Dificultad para Respirar (SDR Neonatal)?","Hidrocortisona succinato sódico (uso sistémico)

[Tabla 1]
|ATC|N01AH01|
|---|---|
|**Efectos adversos**|Frecuentes: astenia, constipación, sequedad de boca, náusea,<br>vómito, somnolencia, bradicardia severa, hipotensión, depresión<br>respiratoria transoperatoria y postoperatoria, disnea, sudoración,<br>retención urinaria, incoordinación.<br>Poco frecuentes: dolor abdominal, anorexia, apnea, diarrea,<br>dispepsia, disnea, euforia, fatiga, cefalea, arritmias cardíacas,<br>rigidez muscular intensa, delirio. Íleo paralítico, prurito, hemoptisis,<br>hipoventilación, infecciones respiratorias altas.<br>Raros: bradicardia, bronquitis, coma, febre, fatulencia, oliguria,<br>convulsiones, infarto miocárdico, prolongación del intervalo QT,<br>arritmias cardíacas severas, paro cardíaco,_shock_, elevación del<br>segmento ST, síncope, taquicardia ventricular,_rash_, rinitis, sinusitis,<br>urticaria.|","Guia de Practica Clinica: Atencion del Recien Nacido Prematuro","104","0","0","","Calibracion medica inicial estandarizada"
"GT-0050","01_urgencias_obstetricas","MSP_Trastornos-hipertensivos-del-embarazo-con-portada-3.pdf","triplet_v2_00192","positive_direct","Describa el protocolo de manejo clínico inmediato y contraindicaciones normadas en 15 Consideraciones especiales en el tratamiento de eclampsia - Esquema y Criterios Normados según la GPC oficial del Ecuador.","[Tabla 1]
|Fuerza de la<br>recomendación|Recomendaciones para la terminación del embarazo en pacientes con<br>trastornos hipertensivos del embarazo T|
|---|---|
|C|La tercera etapa del parto en todos los casos debe ser manejada activamente con<br>oxitocina intramuscular 10 unidades internacionales (UI) o 5 UI intravenosa, dentro del<br>primer minuto, particularmente si se usa sulfato de magnesiopreviamente.(9)|
|C|En ausencia de contraindicaciones, todos los siguientes son métodos aceptables de<br>anestesia para cesárea: epidural, espinal, epidural-espinal combinadas y anestesia<br>general.(9)|
|A|Dosis bajas de fenilefrina* o efedrina pueden ser utilizadas para prevenir o tratar la<br>hipotensión durante la anestesia regional.(9,155)|
|C|Se sugiere interrupción del embarazo en pacientes con preeclampsia con signos de<br>gravedad que tengan las siguientes características (101):<br>- Embarazos menores de 24 semanas.<br>- Embarazo ≥ de 34 semanas.<br>- Independientemente de la edad gestacional cuando las condiciones maternas o fetales<br>sean inestables.|
|C|En casos especiales, y siempre por criterio del especialista, una dosis de rescate de<br>corticoides (una sola dosis adicional de betametasona o dexametasona) puede ser<br>considerada en embarazadas < 34(6) semanas de gestación que se mantienen con un<br>alto riesgo de parto prematuro 7 días o más después de un curso inicial de corticoides<br>antenatalesposterior a esta administración.(9)|
|C|Los alcaloides del cornezuelo de centeno como la Ergometrina no deben administrarse<br>en ninguna de sus formas.(89)|","MSP_Trastornos-hipertensivos-del-embarazo-con-portada-3.pdf","12.15  Consideraciones especiales en el tratamiento de eclampsia","2","2","","Calibracion medica inicial estandarizada"
"GT-0051","03_cardiovascular_metabolico","guia_prevencion_diagnostico_tratamiento_enfermedad_renal_cronica_2018.pdf","triplet_v2_01210","positive_direct","¿Qué esquema terapéutico de primera línea, dosificación y monitoreo normado establece el MSP para 2 Sospecha y diagnóstico - Esquema y Criterios Normados (N18.9)?","[Tabla 1]
|Estadios de la ERC<br>+<br>Riesgo de efectos adversos|Col2|Col3|Categorías por IAC (mg/g) o proteinuria en<br>24 horas (mg) o IPC (mg/g) o tirilla|Col5|Col6|Col7|Col8|Col9|Col10|Col11|Col12|→→→→→→→→ Aumenta el riesgo|
|---|---|---|---|---|---|---|---|---|---|---|---|---|
|Estadios de la ERC<br>**+**<br>Riesgo de efectos adversos|Estadios de la ERC<br>**+**<br>Riesgo de efectos adversos|Estadios de la ERC<br>**+**<br>Riesgo de efectos adversos|IAC <30<br>Normal o<br>levemente<br>aumentada|IAC <30<br>Normal o<br>levemente<br>aumentada|IAC <30<br>Normal o<br>levemente<br>aumentada|IAC de 30 a<br>299<br>Moderadament<br>e <br>aumentada|IAC de 30 a<br>299<br>Moderadament<br>e <br>aumentada|IAC de 30 a<br>299<br>Moderadament<br>e <br>aumentada|IAC ≥ 300<br>Severament<br>e <br>aumentada|IAC ≥ 300<br>Severament<br>e <br>aumentada|IAC ≥ 300<br>Severament<br>e <br>aumentada|IAC ≥ 300<br>Severament<br>e <br>aumentada|","guia_prevencion_diagnostico_tratamiento_enfermedad_renal_cronica_2018.pdf","14.2 Sospecha y diagnóstico","2","2","","Calibracion medica inicial estandarizada"
"GT-0052","03_cardiovascular_metabolico","guia_prevencion_diagnostico_tratamiento_enfermedad_renal_cronica_2018.pdf","triplet_v2_00966","positive_direct","¿Cuáles son los criterios clínicos, diagnóstico y conducta médica recomendada para 3 Prevención secundaria y progresión de la ERC - Esquema y Criterios Normados según la GPC de Guia de Practica Clinica: Enfermedad Renal Cronica del MSP Ecuador?","[Tabla 1]
|Col1|Col2|Col3|Col4| Personas con origen afro o asiático;|Col6|
|---|---|---|---|---|---|
||||| Uso de medicamentos nefrotóxicos;| Uso de medicamentos nefrotóxicos;|
||||| Obstrucción del tracto urinario sin tratamiento.| Obstrucción del tracto urinario sin tratamiento.|
|||||||
||**E-2b**|**E-2b**|**E-2b**|**E-2b**|**E-2b**|
|||||||","guia_prevencion_diagnostico_tratamiento_enfermedad_renal_cronica_2018.pdf","14.3 Prevención secundaria y progresión de la ERC","2","2","","Calibracion medica inicial estandarizada"
"GT-0053","01_urgencias_obstetricas","GPC_atencion_parto_por_cesarea_2015.pdf","triplet_v2_00178_neg","hard_negative_plausible","Describa el protocolo de manejo clínico inmediato y contraindicaciones normadas en Evidencias y recomendaciones - Esquema y Criterios Normados según la GPC oficial del Ecuador.","[Tabla 1]
| Indicador / Criterio Clínico | Descripción Normativa |
|---|---|
| »» Proceder a atender el parto en libre posición para la mujer y con enfoque de derecho humano e intercultural, según GPC del parto. »» Canalizar vía venosa empleando solución salina al 0.9% Ringer Lactato »» Preeclampsia/eclampsia: Manejo de emergencia (p. 42) »» RPM: ver manejo de emergencia (p. 42) »» Prever alta probabilidad de Reanimación Neonatal (p.45) »» Prever referir en postparto inmediato a la madre y RN. | **SI, además de una o más de la señales**<br>**del cuadro superior y presenta:**<br>• <br>3 o más contracciones intensas en 10<br>minutos y/o<br>• <br>Ganas de pujar y/o<br>• <br>Adelgazamiento de periné y/o<br>• <br>Apertura de la vagina, cabeza fetal visible |
| »» Proceder a atender el parto según GPC del parto. »» Preparar el nacimiento considerando probabilidad de Maniobras de Reanimación Neonatal (p. 45) | **Si la mujer no tiene las características de**<br>**las clasifcaciones anteriores pero tiene.**<br>• <br>3 o más contracciones intensas en 10<br>minutos y/o<br>• <br>Ganas de pujar y/o<br>• <br>Adelgazamiento de periné y/o<br>• <br>Apertura de la vagina, cabeza fetal visible |
| »» Colocar en decúbitos lateral izquierdo »» Referir al establecimiento de salud adecuado para la atención al parto. | Si la mujer no tiene las características<br>de las clasifcaciones anteriores y el<br>parto no es inminente |","Hard Negative Intra-Eje","10. Evidencias y recomendaciones","0","0","","Calibracion medica inicial estandarizada"
"GT-0054","02_respiratorio_pediatrico","GPC_tuberculosis_2016.pdf","triplet_v2_00660","positive_direct","¿Cuáles son los criterios clínicos, diagnóstico y conducta médica recomendada para RAM más comunes de los medicamentos ARV16 - Esquema y Criterios Normados según la GPC de Guia de Practica Clinica: Prevencion, Diagnostico y Tratamiento de la Tuberculosis del MSP Ecuador?","[Tabla 1]
|Col1|• Edad avanzada, deficiencia de folatos, deficiencia de<br>glucosa 6-fosfato-deshidrogenasa (hemólisis y anemia<br>hemolítica agranulocitosis, leucopenia, neutropenia,<br>anemia aplástica y pancitopenia).<br>• Síntomas de hiponatremia asociada a altas dosis de<br>trimetroprima.<br>• En pacientes con VIH-sida que reciben tratamiento<br>profiláctico para neumonía por Pneumocystis jirovecii: rash,<br>fiebre, leucopenia y valores elevados de las transaminasas.<br>• Asociado a diarreas por Clostridium difficile.<br>• Puede desarrollar resistencia antimicrobiana cuando se<br>prescribe en ausencia de infección o como profilaxis.<br>• Insuficiencia renal y hepática especialmente en pacientes<br>de avanzada edad.<br>• Puede provocar trombocitopenia mediada por<br>inmunocomplejos, en casos severos podría llegar a ser<br>fatal.<br>• No se recomienda el uso concomitante con ácido fólico<br>en pacientes con VIH-sida que reciben tratamiento para<br>neumonía por Pneumocystis jirovecii.<br>• Precaución en pacientes que hayan mostrado<br>hipersensibilidad a las sulfonamidas (puede producir un<br>ataque de porfiria aguda) y diuréticos tiazídicos.|
|---|---|
|**Efectos adversos**|**Frecuentes:** náusea, vómito, dolor abdominal, calambres<br>abdominales, diarrea por alteración de la microfora intestinal<br>con o sin crecimiento de hongos.<br>**Poco frecuente:** hepatotoxicidad con febre, náusea,<br>exantemas, dolor abdominal, debilidad, cansancio, ictericia,<br>prurito, vómito, aumento de transaminasas. Hipersensibilidad,<br>eritema; candidiasis oral y vaginal. Estenosis pilórica en<br>neonatos.<br>**Raros:** cardiotoxicidad con arritmias, prolongación del QT,<br>bradicardia. Pérdida de la audición reversible. Pancreatitis.<br>Convulsiones. Exacerbación de_Miastenia gravis_. Eritema<br>multiforme. Síndrome de Stevens-Johnson. Superinfección.<br>Metahemoglobinemia. Necrosis hepática.|
|**Uso en el embarazo**|Categoría D. puede interferir con el metabolismo del ácido<br>fólico.|","GPC_tuberculosis_2016.pdf","3.	RAM más comunes de los medicamentos ARV16","2","2","","Calibracion medica inicial estandarizada"
"GT-0055","02_respiratorio_pediatrico","gpc_supervision_Salud_de_Adolescentes_2014.pdf","triplet_v2_00721","positive_direct","Describa el protocolo de manejo clínico inmediato y contraindicaciones normadas en Componentes de la supervisión de salud en adolescentes - Esquema y Criterios Normados según la GPC oficial del Ecuador.","[Tabla 1]
|Evalúe el consumo de tabaco y brinde asesoría breve para evitar el inicio del hábito de<br>fumar o para dejar de fumar. Hay pruebas convincentes de que dejar de fumar reduce<br>el riesgo de enfermedad cardíaca, accidente cerebrovascular y enfermedad pulmonar.33<br>Los factores de riesgo asociados fuertemente con el inicio del tabaquismo en niños y<br>adolescentes son el tabaquismo y la dependencia de la nicotina de los padres. Otros<br>factores son un bajo nivel de supervisión parental, el fácil acceso al tabaco, la percepción<br>de que los compañeros fuman y la exposición a publicidad relacionada con el consumo<br>de tabaco.|B|
|---|---|
|Pregunte sobre el nivel de actividad física del/la adolescente, incluyendo el tipo de<br>actividad, su frecuencia e intensidad.<br>Sugiera actividad física o deporte acorde con lo que puedan realizar las personas con<br>discapacidad.<br>La actividad física regular ayuda a prevenir enfermedades cardiovasculares, la<br>hipertensión, la diabetes tipo 2, el sobrepeso y la obesidad, la osteoporosis y el cáncer.<br>También puede reducir todas las causas de morbilidad y prolonga la esperanza de vida.36<br>Incentive y promueva la actividad física. Los benefcios de la actividad física se observan<br>incluso con niveles modestos de actividad, como caminar o andar en bicicleta 30 minutos<br>al día casi todos los días de la semana. Los benefcios aumentan con el nivel de actividad<br>física. La mayoría de los estudios han evaluado estrategias breves de asesoría (tres a<br>cinco min.) durante una visita clínica habitual, o intervenciones en las escuelas, pero la<br>evidencia sobre su efcaciaparapromover la actividad física es débil o no es concluyente.36<br>|**I**|","gpc_supervision_Salud_de_Adolescentes_2014.pdf","9. Componentes de la supervisión de salud en adolescentes","2","2","","Calibracion medica inicial estandarizada"
"GT-0056","01_urgencias_obstetricas","Guía-de-hemorragia-postparto.pdf","triplet_v2_00414_neg","hard_negative_plausible","Describa el protocolo de manejo clínico inmediato y contraindicaciones normadas en Describir una secuencia ordenada de intervenciones eficaces para el tratamiento de la según la GPC oficial del Ecuador.","Esta GPC responde a las preguntas de alta prioridad sobre prevención, diagnóstico y tratamiento de infección vaginal en obstetricia.

5. Alcance

Esta GPC está dirigida al amplio grupo de profesionales involucrados en la atención directa de la salud sexual y la salud reproductiva, embarazo, parto y puerperio en los diferentes niveles de atención del Sistema Nacional de Salud (SNS).

6. Propósito

Proveer una aproximación razonable y sustentada en evidencia para la prevención, diagnóstico, evaluación y tratamiento oportuno de la infección vaginal en obstetricia, que contribuya a disminuir la morbilidad materna y la morbimortalidad neonatal en el Ecuador.

7. Objetivos

1. Recurrir al uso de pruebas diagnósticas eficaces y disponibles en el país para confirmar o descartar la presencia de infección vaginal. 2. Identificar los factores de riesgo asociados a una mayor incidencia de la infección vaginal. 3. Identificar los signos y síntomas que permiten el diagnóstico de la infección vaginal y la evaluación de su gravedad para iniciar el tratamiento apropiado y/o la referencia oportuna y segura de las pacientes. 4. Describir una secuencia ordenada de intervenciones eficaces para el tratamiento de la infección vaginal. 5. Aplicar el tratamiento más adecuado, incluida su pareja si es necesario, para erradicar la infección vaginal.

8. Aspectos metodológicos

La presente guía está elaborada con las mejores prácticas clínicas y recomendaciones disponibles para el manejo de la infección vaginal en obstetricia. El MSP, como rector del Sistema Nacional de Salud, la ha diseñado como parte de una propuesta metodológica compuesta por un set de instrumentos:

• Guía de Práctica Clínica • Guía de bolsillo • Guía para el ciudadano • Manual de procedimientos

El Modelo de Atención Integral en Salud (MAIS) propone un fortalecimiento del primer nivel de atención como puerta de entrada al Sistema, basado en atención integral, con continuidad y con un enfoque familiar, comunitario e individual. La especificidad del primer nivel de atención será explícita en el set de instrumentos asistenciales en salud; las acciones que deban realizarse en los niveles superiores se mencionarán según su especificidad teniendo en cuenta la realidad y los principios de accesibilidad, calidad y eficiencia consagrados en la constitución y el sistema nacional de salud.","Hard Negative Intra-Eje","4.	 Describir una secuencia ordenada de intervenciones eficaces para el tratamiento de la","1","1","","Calibracion medica inicial estandarizada"
"GT-0057","02_respiratorio_pediatrico","Alergia-a-la-proteína-d-ela-leche-de-vaca.pdf","triplet_v2_00519_neg","hard_negative_plausible","Describa el protocolo de manejo clínico inmediato y contraindicaciones normadas en Preparar coche de paro para - Esquema y Criterios Normados según la GPC oficial del Ecuador.","Gráfico 5. Consideraciones básicas para el manejo de una reacción anafiláctica en el

primer o segundo nivel de atención en salud.

ABCDE: valorar vía aérea, respiración,

1. Retirar el alérgeno

2. Comunicar al siguiente nivel de atención

para referencia

3. Valorar ABCDE y peso corporal

4. Preparar coche de paro para

reanimación cardiopulmonar

IMPORTANTE Contar con protocolo de manejo de reacciones anafilácticas en un lugar

circulación, discapacidad y

visible para consulta continua

exposición

SEGUNDA LÍNEA DE TRATAMIENTO

FARMACOLÓGICO

DOSIS DE ADRENALINA 0.01 mg/kg de un solución 1:1000

– Administrar adrenalina intramuscular en la parte medial anterolateral del muslo. Registrar la hora de la dosis y repetir en 5-15 minutos* – Posicionar con cuidado y lentamente** al paciente de acuerdo al contexto clínico para su comodidad (vómito, compromiso respiratorio) y elevar extremidades inferiores

• Difenhidramina: Dosis niños: 1mg/Kg (dosis máxima: 50mg) en 10-15 minutos Dosis adultos: 25-50 mg. • Ranitidina: Dosis niños: 12,5-50 mg IM o IV (infusión lenta) Dosis adultos: 1 mg/kg

(1 mg/mL) Dosis máximas: 0.3 mg en niños y 0,5 mg en adultos

En todo momento y a intervalos regulares

TERCERA LÍNEA DE TRATAMIENTO

SOLUCIÓN ISOTÓNICA Cloruro de Sodio 0,9%

de acuerdo al personal disponible

FARMACOLÓGICO","Hard Negative Intra-Eje","4. Preparar coche de paro para","1","0","","Calibracion medica inicial estandarizada"
"GT-0058","04_soporte_cronicos_salud_mental","gpc_VIH_acuerdo_ministerial05-07-2019.pdf","gpc_gpc_VIH_acuerdo_ministerial05-07-2019_chunk_0446","contextual_neutral","¿Qué esquema terapéutico de primera línea, dosificación y monitoreo normado establece el MSP para Anuria <300 ml/d - Esquema y Criterios Normados (Z51.5)?","[Tabla 1]
|Col1|Col2|Col3|Col4|Col5|Col6|Col7|Col8|Col9|Col10|Col11|Col12|Col13|Col14|Col15|
|---|---|---|---|---|---|---|---|---|---|---|---|---|---|---|
|**18**<br>**Meses**|**18**<br>**Meses**|**18**<br>**Meses**|OPV|OPV|OPV|Si|Si|Si||||<br> <br> <br>|realizado a partir del cuarto mes).|realizado a partir del cuarto mes).|
|**18**<br>**Meses**|**18**<br>**Meses**|**18**<br>**Meses**|||||||||||||
|**18**<br>**Meses**|**18**<br>**Meses**|**18**<br>**Meses**|||||||||||||
|**18**<br>**Meses**|**18**<br>**Meses**|**18**<br>**Meses**||IPV|||Si||||||Si OPV se encuentra contraindicada||
|**18**<br>**Meses**|**18**<br>**Meses**|**18**<br>**Meses**|||||||||||||
|**18**<br>**Meses**|**18**<br>**Meses**|**18**<br>**Meses**|||||||||||||
|**18**<br>**Meses**|**18**<br>**Meses**|**18**<br>**Meses**||SRP|||Si||||||||","Guia de Practica Clinica: Atencion Integral de Adultos y Adolescentes con Infeccion por VIH","116","0","0","","Calibracion medica inicial estandarizada"
"GT-0059","03_cardiovascular_metabolico","gpc_hta192019.pdf","gpc_gpc_hta192019_chunk_0061","contextual_neutral","Describa el protocolo de manejo clínico inmediato y contraindicaciones normadas en Abreviaturas según la GPC oficial del Ecuador.","[Tabla 1]
|Col1|Col2|Col3|Col4|Col5|Col6|Col7|Col8|Col9|Col10|masas adrenales|Col12|Col13|fármacos que afectan|Col15|Col16|con captopril); TAC|Col18|
|---|---|---|---|---|---|---|---|---|---|---|---|---|---|---|---|---|---|
|||||feocromocitoma|feocromocitoma|feocromocitoma|feocromocitoma|feocromocitoma|feocromocitoma|<br>masas extra|<br>masas extra|||||||
|||||feocromocitoma|feocromocitoma|||||||||||||
|||||||||||adrenales)|adrenales)|adrenales)|adrenales)|adrenales)|adrenales)|adrenales)|adrenales)|
||Síndrome de Cushing||<br> <br> <br>|Aumento rápido de|||Signos|||Hiperglicemia||<br> <br>|Excreción urinaria|||Prueba de supresión de||
|||||<br>peso; poliuria,|<br>peso; poliuria,|<br>peso; poliuria,|<br>corporales|<br>corporales|||||de cortisol en 24|de cortisol en 24|de cortisol en 24|<br>dexametasona|<br>dexametasona|","Guia de Practica Clinica: Hipertension Arterial (HTA)","27","0","0","","Calibracion medica inicial estandarizada"
"GT-0060","04_soporte_cronicos_salud_mental","gpc_cuidados_paliativos_completa_2014.pdf","triplet_v2_01316","positive_direct","¿Qué esquema terapéutico de primera línea, dosificación y monitoreo normado establece el MSP para Anuria <300 ml/d - Esquema y Criterios Normados (Z51.5)?","[Tabla 1]
|Col1|Dolor: Individualizar el tratamiento para obtener la mayor<br>eficacia y minimizar los efectos adversos, reconociendo que no<br>existe dosis máxima o techo para el control de dolor.<br>La presentación de liberación prolongada debe ser ingerida de forma<br>íntegra, sin masticar o producir alguna deformidad de la misma, se<br>administran cada 12 horas. Las presentaciones de liberación rápida<br>se administran cada cuatro horas.<br>Dolor agudo:<br>Adultos:<br>Administración subcutánea, intravenosa:<br>Titular:<br>Dosis: 0,1 mg/kg IV o subcutánea.<br>Luego de 15 minutos reevaluar la efectividad de la dosis administrada,<br>repetir la dosis hasta controlar el dolor, entonces pautar la dosis<br>efectiva alcanzada cada 4 horas y PRN o de rescate.<br>Niños:<br>Administración subcutánea:<br>• Neonatos: 100 µg/ kg cada seis horas.<br>• 1-6 meses: 100-200 µg/kg cada 6 horas, ajustar según la<br>respuesta.<br>• 6 meses-2 años: 100-200 µg/kg cada cuatro horas, ajustar<br>según la respuesta.<br>• 2-12 años: 200 µg/kg cada cuatro horas, ajustar según la<br>respuesta.<br>• 12-18 años: 2,5-10 µg/kg cada cuatro horas, ajustar según la<br>respuesta.|
|---|---|
|Precauciones|Uso concomitante de medidas laxativas o un laxante, un antiemético<br>Antídoto: naloxona (uso según la fcha del medicamento, se<br>encuentra al fnal en antagonista opioides)|","gpc_cuidados_paliativos_completa_2014.pdf","8. Anuria <300 ml/d","2","2","","Calibracion medica inicial estandarizada"
"GT-0061","04_soporte_cronicos_salud_mental","MSP_Guía_hemofilia-congénita_230117_D-3-1.pdf","triplet_v2_01431_neg","hard_negative_plausible","Describa el protocolo de manejo clínico inmediato y contraindicaciones normadas en Determinar el nivel del factor VIII, a la hora y a las 4 horas de haber administrado la - Esquema y Criterios Normados según la GPC oficial del Ecuador.","Prueba de desmopresina e interpretación de los resultados (29):

1.	 Medir presión arterial y el pulso antes de la prueba

2.	 Determinar el nivel del factor VIII antes de la administración de desmopresina.

3.	 Administrar 0,3 µg/kg de desmopresina disueltos en 50 o 100 de cloruro de sodio al

0,9 % (sin dextrosa) por vía intravenosa en 30-40 minutos. La misma dosis puede ser administrada por vía subcutánea.

4.	 Medir presión arterial y el pulso cada 15 minutos durante la infusión

5.	 Medir presión arterial y el pulso cada 30 minutos al finalizar la infusión hasta completar 2 horas.

6.	 Determinar el nivel del factor VIII, a la hora y a las 4 horas de haber administrado la

desmopresina.

Interpretación de los resultados:

Para considerar que la respuesta ha sido buena, el nivel de los factores VIII y FvW: RCo (cofactor ristocetina) deben elevarse por lo menos tres veces sobre el nivel basal.","Hard Negative Intra-Eje","6.	 Determinar el nivel del factor VIII, a la hora y a las 4 horas de haber administrado la","0","0","","Calibracion medica inicial estandarizada"
"GT-0062","03_cardiovascular_metabolico","guia_prevencion_diagnostico_tratamiento_enfermedad_renal_cronica_2018.pdf","triplet_v2_01036","positive_direct","¿Qué esquema terapéutico de primera línea, dosificación y monitoreo normado establece el MSP para 3 Prevención secundaria y progresión de la ERC - Esquema y Criterios Normados (N18.9)?","[Tabla 3]
|Col1|Recomendaciones para el monitoreo de la TFG en personas con riesgo o|Col3|Col4|Col5|Col6|
|---|---|---|---|---|---|
||**ERC establecida**|**ERC establecida**|**ERC establecida**|**ERC establecida**|**ERC establecida**|
||||<br> <br>|Se recomienda utilizar el gráfico 11 para guiar la frecuencia del monitoreo|<br> <br>|
||||<br> <br>|de<br>la<br>TFG<br>en<br>personas<br>con<br>riesgo<br>de<br>ERC,<br>dependiendo|de<br>la<br>TFG<br>en<br>personas<br>con<br>riesgo<br>de<br>ERC,<br>dependiendo|
||||<br> <br>|de(49,55,147,197–201):|de(49,55,147,197–201):|
||||<br> <br>|<br>La causa subyacente de la ERC;|<br>La causa subyacente de la ERC;|
|||||<br>Patrones basales de TFG e IAC, teniendo en cuenta que a menudo,|<br>Patrones basales de TFG e IAC, teniendo en cuenta que a menudo,|
||**E-1b**|**E-1b**|**E-1b**|la progresión de la enfermedad renal no es lineal;|la progresión de la enfermedad renal no es lineal;|
||**R-A**|**R-A**|**R-A**|**R-A**|**R-A**|
||**R-A**|**R-A**|**R-A**|<br>Comorbilidades (sobre todo insuficiencia cardíaca);|<br>Comorbilidades (sobre todo insuficiencia cardíaca);|
|||||||
|||||<br>Cambios en el tratamiento (IECA, AINE y diuréticos);|<br>Cambios en el tratamiento (IECA, AINE y diuréticos);|
|||||<br>Enfermedad intercurrente;|<br>Enfermedad intercurrente;|
|||||<br>Si el paciente escogió un manejo conservador.|<br>Si el paciente escogió un manejo conservador.|","guia_prevencion_diagnostico_tratamiento_enfermedad_renal_cronica_2018.pdf","14.3 Prevención secundaria y progresión de la ERC","2","2","","Calibracion medica inicial estandarizada"
"GT-0063","01_urgencias_obstetricas","Guía-de-hemorragia-postparto.pdf","gpc_Guía-de-hemorragia-postparto_chunk_0037","contextual_neutral","¿Cuáles son los signos de alarma, criterios de severidad y algoritmo de derivación en 7 Tratamiento farmacológico en la emergencia hipertensiva según la normativa nacional?","[Tabla 1]
|Interacciones| ’ L V P L Q X F L y Q  G H  O D  H ¿ F D F L D <br>- Útero-inhibidores: por efecto antagónico<br>Aumento de los efectos adversos:<br>- Antihipertensivos y otros vasodilatadores: mayor riesgo de hipotensión por<br>sinergia<br>- Oxitocina: se incrementan sus efectos en general, por sinergia|
|---|---|
|Uso en el embarazo|Categoría C. El uso durante el embarazo, cuando no provoca aborto, puede<br>asociarse con malformaciones músculo-esqueléticas e hidrocefalia. Durante la<br>labor de parto, remanentes del fármaco a nivel cervical pueden ser aspirados<br>por el neonato y provocar distrés respiratorio.|
|Uso en la lactancia|Seguridad no establecida. No se recomienda su empleo.|","Guia de Practica Clinica: Prevencion y Manejo de la Hemorragia Postparto (Codigo Rojo)","26","0","0","","Calibracion medica inicial estandarizada"
"GT-0064","03_cardiovascular_metabolico","gpc_hta192019.pdf","gpc_gpc_hta192019_chunk_0073","contextual_neutral","¿Cuáles son los criterios clínicos, diagnóstico y conducta médica recomendada para 3 Prevención secundaria y progresión de la ERC - Esquema y Criterios Normados según la GPC de Guia de Practica Clinica: Enfermedad Renal Cronica del MSP Ecuador?","[Tabla 1]
|Col1|7. Preferir alimentos preparados en casa.|Col3|Col4|Col5|Col6|
|---|---|---|---|---|---|
|<br> <br>|**Moderación en el consumo de alcohol**|||||
|<br> <br>|Se aconseja disminuir el consumo de alcohol a las personas que beben y evitar el inicio|Se aconseja disminuir el consumo de alcohol a las personas que beben y evitar el inicio|Se aconseja disminuir el consumo de alcohol a las personas que beben y evitar el inicio|IA|IA|
|<br> <br>|de consumo del mismo a quienes no lo han iniciado.(54)|de consumo del mismo a quienes no lo han iniciado.(54)||||
||Interrogar con detalle en la historia clínica sobre el consumo de alcohol.|||√||
|<br> <br>|Cuando el paciente presente problemas con el consumo de alcohol, el médico debe|<br>||√||
|<br> <br>|seguir los protocolos de atención que se encuentran vigentes en la normativa (ver|seguir los protocolos de atención que se encuentran vigentes en la normativa (ver||||
|<br> <br>|anexo 16).|anexo 16).|anexo 16).|anexo 16).|anexo 16).|
|<br> <br>|**Consumo de tabaco**|||||
|<br> <br>|Se recomienda aconsejar a todo paciente evitar el inicio de consumo de tabaco (anexo|Se recomienda aconsejar a todo paciente evitar el inicio de consumo de tabaco (anexo|Se recomienda aconsejar a todo paciente evitar el inicio de consumo de tabaco (anexo|IA|IA|","Guia de Practica Clinica: Hipertension Arterial (HTA)","30","0","0","","Calibracion medica inicial estandarizada"
"GT-0065","01_urgencias_obstetricas","MSP_Trastornos-hipertensivos-del-embarazo-con-portada-3.pdf","triplet_v2_00119","positive_direct","¿Cuáles son los criterios clínicos, diagnóstico y conducta médica recomendada para Hipertensión gestacional. - Esquema y Criterios Normados según la GPC de Guia de Practica Clinica: Trastornos Hipertensivos del Embarazo del MSP Ecuador?","[Tabla 1]
|Hipertensión cronica<br>Con o sin comorbilidades<br>< 20 semanas de (preexistente)<br>gestación<br>Preeclampsia con o sin signos<br>Preeclampsia - Eclampsia*<br>de gravedad<br>Con o sin comorbilidades / puede<br>Hipertensión gestacional Hipertensivos<br>haber preeclamsia - eclampsia<br>posterior > 20 semanas de Hipertensión crónica con Embarazo<br>gestación preeclampsia - eclampsia<br>sobreañadidad<br>Trastornos<br>en<br>Preeclampsia con o sin signos<br>Preeclampsia - Eclampsia<br>de agravamiento<br>Preeclampsia- Eclamsia Preeclampsia con o sin signos<br>posparto de gravedad<br>Efecto hipertensivo<br>> Otros<br>transitorio**<br>Efecto hipertensivo de bata<br>blanca**<br>Efecto hipertensivo de bata<br>enmascarado*|Hipertensión cronica|Col3|Con o sin comorbilidades|Col5|
|---|---|---|---|---|
|< 20 semanas de<br>gestación<br>Hipertensión cronica<br>(preexistente)<br>Con o sin comorbilidades<br>Preeclampsia con o sin signos<br>de gravedad<br>Con o sin comorbilidades / puede<br>haber preeclamsia - eclampsia<br>posterior<br>Preeclampsia con o sin signos<br>de agravamiento<br>Preeclampsia con o sin signos<br>de gravedad<br>Preeclampsia- Eclamsia<br>posparto<br>Efecto hipertensivo<br>transitorio**<br>Efecto hipertensivo de bata<br>blanca**<br>Efecto hipertensivo de bata<br>enmascarado*<br>Preeclampsia - Eclampsia*<br>Hipertensión gestacional<br>Trastornos Hipertensivos<br>en Embarazo<br>Preeclampsia - Eclampsia<br>Hipertensión crónica con<br>preeclampsia - eclampsia<br>sobreañadidad<br>> 20 semanas de<br>gestación<br>> Otros|(preexistente)|(preexistente)|(preexistente)|(preexistente)|","MSP_Trastornos-hipertensivos-del-embarazo-con-portada-3.pdf","4.	 Hipertensión gestacional.","2","2","","Calibracion medica inicial estandarizada"
"GT-0066","03_cardiovascular_metabolico","guia_prevencion_diagnostico_tratamiento_enfermedad_renal_cronica_2018.pdf","triplet_v2_01175","positive_direct","¿Qué esquema terapéutico de primera línea, dosificación y monitoreo normado establece el MSP para 2 Sospecha y diagnóstico - Esquema y Criterios Normados (N18.9)?","[Tabla 1]
|Col1|Recomendaciones para la valoración inicial de la ERC|Col3|Col4|Col5|Col6|
|---|---|---|---|---|---|
||||<br> <br>|Se recomienda establecer un plan consensuado con él o la paciente,|<br>|
||**E-2b**|||||
||**E-2b**|||después de brindarle toda la información, para encontrar la causa de la|después de brindarle toda la información, para encontrar la causa de la|
||**R-B**|**R-B**|**R-B**|ERC, especialmente si hay sospecha de una causa tratable.(2)|ERC, especialmente si hay sospecha de una causa tratable.(2)|
|||||||","guia_prevencion_diagnostico_tratamiento_enfermedad_renal_cronica_2018.pdf","14.2 Sospecha y diagnóstico","2","2","","Calibracion medica inicial estandarizada"
"GT-0067","01_urgencias_obstetricas","GPC_anomalias_de_insercion_placentaria_2017.pdf","triplet_v2_00230","positive_direct","¿Cuáles son los signos de alarma, criterios de severidad y algoritmo de derivación en Publicación y actualización reciente (2010-2016). - Esquema y Criterios Normados según la normativa nacional?","[Tabla 1]
|Modalidad/criterios|Sensibilidad|Especificidad|VPP|Riesgo|
|---|---|---|---|---|
|**Modo B (escala de grises)**<br>• <br>Pérdida de la zona ecolucida<br>retroplacentaria<br>• <br>Zona ecolucida<br>retroplacentaria irregular<br>• <br>Adelgazamiento o pérdida<br>de continuidad en zona<br>hiperecoica de interfase<br>útero-vesical<br>• <br>Imágenes exofíticas focales<br>invadiendo vejiga<br>• <br>Lagunas placentarias<br>anormales|95|76|82|93|
|**_Doppler_color**<br>• <br>Flujo lacunar focal o difuso<br>• <br>Lagos vasculares con<br>fujo turbulento (velocidad<br>sistólica máxima sobre los<br>15 cm/segundo)<br>• <br>Aumento en el número de<br>vasos sanguíneos en la<br>interfase útero-vesical<br>• <br>Evidente presencia de vasos<br>dilatados sobre la zona<br>periférica subplacentaria|92|68|76|89|
|**Angiografía tridimensional de**<br>**poder**<br>**(Power Doppler)***<br>• <br>Presencia de un gran<br>número de vasos<br>afnes envolvimiento<br>completamente la unión<br>útero-vesical (vista basal)<br>• <br>Falta de separación entre las<br>circulaciones cotiledóneas e<br>intervellosas, ramifcaciones<br>sanguíneas caóticas y<br>desviaciones abruptas<br>en trayecto de vasos<br>sanguíneos(vista lateral)|100|85|88|100|","GPC_anomalias_de_insercion_placentaria_2017.pdf","4.	 Publicación y actualización reciente (2010-2016).","2","2","","Calibracion medica inicial estandarizada"
"GT-0068","03_cardiovascular_metabolico","gpc_hta192019.pdf","triplet_v2_01067","positive_direct","¿Cuáles son los signos de alarma, criterios de severidad y algoritmo de derivación en Abreviaturas - Esquema y Criterios Normados según la normativa nacional?","[Tabla 1]
| Indicador / Criterio Clínico | Descripción Normativa |
|---|---|
| Col6 | de 140/90. **Se refiere a pacientes con accidente cerebrovascular previo y no se refiere a objetivos de presión arterial |
| Col7 | de 140/90. **Se refiere a pacientes con accidente cerebrovascular previo y no se refiere a objetivos de presión arterial |
| Col8 | de 140/90. **Se refiere a pacientes con accidente cerebrovascular previo y no se refiere a objetivos de presión arterial |
| Col9 | de 140/90. **Se refiere a pacientes con accidente cerebrovascular previo y no se refiere a objetivos de presión arterial |
| Col10 | de 140/90. **Se refiere a pacientes con accidente cerebrovascular previo y no se refiere a objetivos de presión arterial |
| Col11 | de 140/90. **Se refiere a pacientes con accidente cerebrovascular previo y no se refiere a objetivos de presión arterial |
| Col12 | de 140/90. **Se refiere a pacientes con accidente cerebrovascular previo y no se refiere a objetivos de presión arterial |
| Col13 | de 140/90. **Se refiere a pacientes con accidente cerebrovascular previo y no se refiere a objetivos de presión arterial |
| Col14 | de 140/90. **Se refiere a pacientes con accidente cerebrovascular previo y no se refiere a objetivos de presión arterial |
| Col15 | de 140/90. **Se refiere a pacientes con accidente cerebrovascular previo y no se refiere a objetivos de presión arterial |
| Col16 | de 140/90. **Se refiere a pacientes con accidente cerebrovascular previo y no se refiere a objetivos de presión arterial |
| Col17 | de 140/90. **Se refiere a pacientes con accidente cerebrovascular previo y no se refiere a objetivos de presión arterial |
| Col18 | de 140/90. **Se refiere a pacientes con accidente cerebrovascular previo y no se refiere a objetivos de presión arterial |","gpc_hta192019.pdf","13. Abreviaturas","2","2","","Calibracion medica inicial estandarizada"
"GT-0069","03_cardiovascular_metabolico","gpc_hta192019.pdf","triplet_v2_01009_neg","hard_negative_plausible","Describa el protocolo de manejo clínico inmediato y contraindicaciones normadas en Evidencias y recomendaciones - Esquema y Criterios Normados según la GPC oficial del Ecuador.","[Tabla 1]
| Indicador / Criterio Clínico | Descripción Normativa |
|---|---|
| »» Proceder a atender el parto en libre posición para la mujer y con enfoque de derecho humano e intercultural, según GPC del parto. »» Canalizar vía venosa empleando solución salina al 0.9% Ringer Lactato »» Preeclampsia/eclampsia: Manejo de emergencia (p. 42) »» RPM: ver manejo de emergencia (p. 42) »» Prever alta probabilidad de Reanimación Neonatal (p.45) »» Prever referir en postparto inmediato a la madre y RN. | **SI, además de una o más de la señales**<br>**del cuadro superior y presenta:**<br>• <br>3 o más contracciones intensas en 10<br>minutos y/o<br>• <br>Ganas de pujar y/o<br>• <br>Adelgazamiento de periné y/o<br>• <br>Apertura de la vagina, cabeza fetal visible |
| »» Proceder a atender el parto según GPC del parto. »» Preparar el nacimiento considerando probabilidad de Maniobras de Reanimación Neonatal (p. 45) | **Si la mujer no tiene las características de**<br>**las clasifcaciones anteriores pero tiene.**<br>• <br>3 o más contracciones intensas en 10<br>minutos y/o<br>• <br>Ganas de pujar y/o<br>• <br>Adelgazamiento de periné y/o<br>• <br>Apertura de la vagina, cabeza fetal visible |
| »» Colocar en decúbitos lateral izquierdo »» Referir al establecimiento de salud adecuado para la atención al parto. | Si la mujer no tiene las características<br>de las clasifcaciones anteriores y el<br>parto no es inminente |","Hard Negative Inter-Eje","12. Evidencias y recomendaciones","0","0","","Calibracion medica inicial estandarizada"
"GT-0070","04_soporte_cronicos_salud_mental","Guía-fibrosis-quística.pdf","triplet_v2_01400_neg","hard_negative_plausible","¿Cuáles son los signos de alarma, criterios de severidad y algoritmo de derivación en Manejo de la patología respiratoria - Esquema y Criterios Normados según la normativa nacional?","Anexo 2. Algoritmo 1: Identificación de persona con sospecha de TB pulmonar y extrapulmonar

Fuente: MSP. Manual de Normas y Procedimientos para el Control de la Tuberculosis. Ecuador.2010 (20) Elaboración: propia

Anexo 3. Algoritmo 2: Diagnóstico de tuberculosis pulmonar sensible y resistente en adultos

* En PVV no importa el tiempo de evolución de los síntomas respiratorios Fuente: MSP. Manual de Normas y Procedimientos para el Control de la Tuberculosis. Ecuador.2010 (20) Elaboración: Propia

Anexo 4. Algoritmo 3: Identificación de Mycobacterium tuberculosis por biología molecular

* RR no detectado significa que el afectado es sensible a la Rifampicina ** RR detectado significa que el afectado es resistente a la Rifampicina

Adaptado: GLI model TB diagnostic algorithms, march 2017. (212) Elaboración propia

Anexo 5. Algoritmo 4: Diagnóstico de tuberculosis en menores de 5 años

Fuente: MSP. Manual de Normas y Procedimientos para el Control de la Tuberculosis. Ecuador.2010. (20) Elaboración: propia

Anexo 6. Criterios del sistema de puntaje Stegen, Kaplan y Toledo

De existir aún sospecha clínica con resultado de baciloscopía negativo y Rx anormal se recomienda aplicar los siguientes criterios del sistema de puntaje Stegen, Kaplan y Toledo:

Adaptado de: Dr. Rubén F. Arispe Vidal. Diagnóstico de tuberculosis infantil (I): sistema de puntaje y algoritmo de manejo de contacto. Revista científica Ciencia Médica. Bolivia. 2010 (120)

Una vez aplicados los criterios de diagnóstico según la puntuación del sistema de puntaje Stegen, Kaplan y Toledo, se debe definir el criterio segúnsos siguientes rangos:

Tomado de: Dr. Rubén F. Arispe Vidal. Diagnóstico de tuberculosis infantil (I): sistema de puntaje y algoritmo de manejo de contactos. Revista científica Ciencia Médica. Bolivia. 2010","Hard Negative Inter-Eje","1. Manejo de la patología respiratoria","0","0","","Calibracion medica inicial estandarizada"
"GT-0071","04_soporte_cronicos_salud_mental","GPC_Artitis_Reumatoide.pdf","triplet_v2_01420","positive_direct","¿Cuáles son los signos de alarma, criterios de severidad y algoritmo de derivación en Evidencias y recomendaciones - Esquema y Criterios Normados según la normativa nacional?","[Tabla 1]
|NO se recomienda el uso de MTX y LEF* durante el embarazo. (224–227)|R: C|
|---|---|
|Si una mujer ha decidido planifcar un embarazo y se encuentra recibiendo tratamiento<br>con anti-TNF, se recomienda suspender el uso de anti-TNF y esperar  6 meses libres<br>del medicamento antes de concebir.(97)|**R: C**|
|En caso de ocurrir embarazo en mujeres con artritis reumatoide bajo tratamiento<br>biológico, se recomienda suspender el tratamiento inmediatamente.(97)|**E: III**<br>**R: C**|
|No se recomienda el uso de RTX durante el embarazo, debe ser suspendido al menos<br>un año antes de planifcar un embarazo, debido al posible riesgo de depleción de<br>células B en el feto.(95,194,225)|**E: III**<br>**R: C**|
|NO se recomienda el uso de tocilizumab* en pacientes embarazadas con artritis<br>reumatoide ya que no existe evidencia sufciente sobre su uso durante la gestación.<br>(2,230,231)|**R: D**|
|No se recomienda administrar  tofacitinib* a mujeres durante la lactancia.<br>Para aquellas mujeres que deseen embarazarse (por tener vida media corta 3 horas),<br>debería suspenderse 1 semana antes de iniciar la búsqueda del embarazo.(142)|**R: C**|
|Durante la lactancia, solo puede ser usada con seguridad la hidroxicloroquina y la<br>cloroquina; la sulfasalazina puede usarse con precaución y teniendo en consideración<br>que el lactante no debe tener alterada su función renal.(97)|**R: D**|","GPC_Artitis_Reumatoide.pdf","13. Evidencias y recomendaciones","2","2","","Calibracion medica inicial estandarizada"
"GT-0072","03_cardiovascular_metabolico","guia_prevencion_diagnostico_tratamiento_enfermedad_renal_cronica_2018.pdf","gpc_guia_prevencion_diagnostico_tratamiento_enfermedad_renal_cronica_2018_chunk_0037","contextual_neutral","¿Cuáles son los criterios clínicos, diagnóstico y conducta médica recomendada para 3 Prevención secundaria y progresión de la ERC - Esquema y Criterios Normados según la GPC de Guia de Practica Clinica: Enfermedad Renal Cronica del MSP Ecuador?","1) En idioma inglés y español;

2) Metodología de medicina basada en evidencias;

3) Consistencia y claridad en las recomendaciones;

4) Publicación y/o actualización reciente (2011-2017).

Se encontraron 1468 documentos obtenidos a través de búsquedas en bases de datos y de otros recursos como sitios y documentos de soporte para el proceso de adaptación, de los cuales se excluyeron 1457 documentos. En total, 11 guías de ERC en adultos fueron seleccionadas para ser calificadas con el instrumento AGREE II(35) y valoradas a través del consenso del equipo de trabajo (anexo 1). Se seleccionó una guía para la presente adaptación:

- National Institute for Health and Clinical Excellence. Chronic kidney disease in adults: assessment and management (CG182) (Update) 2014.(2)

Adicionalmente se realizaron búsquedas específicas de la literatura médica en los buscadores mencionados y con las preguntas clínicas elaboradas, dirigidas a los adultos mayores y a las preguntas clínicas que no fueron respondidas por la guía elegida.

Gráfico 4. Factores que podrían intervenir en la evolución de la historia natural de la

Oportunidad de intervenciones

tempranas

Procesos infecciosos intercurrentes

Episodios de deshidratación

Uropatía obstructiva

Se describe el declive fisiológico de la función renal por la edad y los eventos que aceleran dicho declive. El eje vertical indica la TFG y el horizontal el tiempo relacionado con la edad. Cuando una persona padece ERC, está sujeta a varios eventos relacionados con su seguridad y que contribuyen a un deterioro acelerado de la función renal. TFG: tasa de filtrado glomerular;; ERCA: enfermedad renal crónica avanzada;. Modificado de: Fink JC, Brown J, Hsu VD, Seliger SL, Walker L & Zhan M (2009).(44)","Guia de Practica Clinica: Enfermedad Renal Cronica","18","0","0","","Calibracion medica inicial estandarizada"
"GT-0073","03_cardiovascular_metabolico","gpc_hta192019.pdf","triplet_v2_01196","positive_direct","¿Cuáles son los signos de alarma, criterios de severidad y algoritmo de derivación en Rigotti NM. Overview of smoking cessation management in adults. UpToDate [Internet]. - Esquema y Criterios Normados según la normativa nacional?","[Tabla 1]
|Col1|Col2|Col3|Col4|- Hipovolemia.|Col6|
|---|---|---|---|---|---|
|||||<br>idiopático, segundo y tercer trimestre del embarazo.|<br>idiopático, segundo y tercer trimestre del embarazo.|
|||||||
||Efectos adversos||<br> <br> <br> <br> <br> <br> <br> <br> <br> <br> <br> <br> <br> <br> <br> <br> <br>|Frecuentes: tos seca y persistente que puede empezar a las 24 horas|<br> <br> <br> <br> <br> <br> <br> <br> <br> <br> <br> <br> <br> <br>|
|||||o generalmente 30 días después de iniciar tratamiento; prurito, cefalea,|o generalmente 30 días después de iniciar tratamiento; prurito, cefalea,|
|||||ictericia, mareo, hipotensión, rash, visión borrosa, hipotensión|ictericia, mareo, hipotensión, rash, visión borrosa, hipotensión|
|||||ortostática, infarto de miocardio o ACV (excesiva hipotensión pacientes|ortostática, infarto de miocardio o ACV (excesiva hipotensión pacientes|
|||||de  alto  riesgo),  aumento  de  la  velocidad  de  sedimentación|de  alto  riesgo),  aumento  de  la  velocidad  de  sedimentación|
|||||globular,  eosinofilia,  hiperpotasemia: aumento de creatinina sérica,|globular,  eosinofilia,  hiperpotasemia: aumento de creatinina sérica,|","gpc_hta192019.pdf","130.  Rigotti NM. Overview of smoking cessation management in adults. UpToDate [Internet].","2","1","","Calibracion medica inicial estandarizada"
"GT-0074","04_soporte_cronicos_salud_mental","gpc_VIH_acuerdo_ministerial05-07-2019.pdf","triplet_v2_01620","positive_direct","¿Qué esquema terapéutico de primera línea, dosificación y monitoreo normado establece el MSP para Contacto cutáneo de alto riesgo cuando se trata de líquidos con carga viral elevada, el contacto es muy prolongado y (B24)?","caso de fracaso virológico?

La resistencia a los fármacos ARV surge debido al desarrollo de mutaciones en los genes del VIH que codifican las proteínas virales sobre las que estos actúan, y dan lugar a una pérdida total o parcial de la susceptibilidad a los mismos. Esta pérdida de sensibilidad trae como consecuencia un fallo farmacológico, virológico e inmunológico, incrementando el riesgo de progresión clínica y morbimortalidad asociadas a la infección por VIH.

La resistencia desarrollada en personas que inician TARV, está asociada a una pobre respuesta virológica, por lo que la prevención y vigilancia farmacológica son fundamentales para mantener las metas actuales, garantizar la eficacia de la atención, optimizar el tratamiento, y que sea más factible alcanzar los objetivos 90-90-90 de la OMS. El conocimiento de la prevalencia y el patrón de la drogorresistencia a los antirretrovirales, puede ayudar a identificar el régimen de tratamiento de primera línea para una población. (52,53)

Siendo la resistencia a los ARV un problema de salud, la OMS en el 2012 crea estrategias de vigilancia con cuatro poblaciones objetivo:(52)

1) Resistencia transmitida en poblaciones recientemente infectadas. 2) Drogorresistencia en personas que inician ARV. 3) Drogorresistencia en niños menores de 18 meses. 4) Resistencia adquirida en poblaciones con TARV por un tiempo mayor a 12 meses y mayor a 24 meses.

La resistencia a los fármacos se puede clasificar en:(20,54)

a) La resistencia pretratamiento se detecta en personas que no han iniciado los

ARV o en quienes han estado expuestos a medicación y que reinician terapia de primera línea. En este grupo de personas se puede transmitir, adquirir la resistencia, o ambas.

b) La resistencia transmitida se da cuando un individuo se infecta con una cepa","gpc_VIH_acuerdo_ministerial05-07-2019.pdf","Contacto cutáneo de alto riesgo cuando se trata de líquidos con carga viral elevada, el contacto es muy prolongado y","2","2","","Calibracion medica inicial estandarizada"
"GT-0075","02_respiratorio_pediatrico","GPC-RECIEN-NACIDO-CON-DIFICULTAD-PARA-RESPIRAR.pdf","triplet_v2_00563","positive_direct","¿Qué intervenciones farmacológicas y no farmacológicas de grado A/B están normadas por el MSP en Anexos - Esquema y Criterios Normados para Guia de Practica Clinica: Recien Nacido con Dificultad para Respirar (SDR Neonatal)?","[Tabla 1]
|12-701-2|Cánula neonatal cpap,<br>tamaño mediano|Cánula de silicona con dos puntas nasales en ángulo corto, con conector de<br>plástico rígido, gorro de algodón y cintas ajustables, menores de 1000-1500<br>gramos, estéril, descartable|
|---|---|---|
|**10-749-2**|Catéter   para aspiración de<br>secreciones, Nº  6|PVC suave, siliconizado,  con válvula de control manual con tapa, extremidad<br>abierta, punta roma, con fenestraciones laterales, atraumática fexible,<br>transparente,  40-60 cm, estéril, descartable|
|**18-725-1**|Catéter  con sistema cerrado<br>para administracion de<br>surfactante|Largo 30.5 cm, doble conector rotativo, conectores en Y giratorios, puerto<br>de irrigación, válvula antirefujo, punta redonda, interruptor de succión, funda<br>protectora transparente, indicador de color localizado en el cateter profundidad,<br>estéril,  descartable|
|**10-759-1**|Catéter umbilical Nº. 2.8|1 lumen silicón 100% , libre de látex y PVC, extremo distal abierto y redondeado,<br>radiopaco, tapa en extremo proximal y conector de tipo Luer Lock, graduado<br>cada cm,  estéril, descartable|
|**10-759-2**|Catéter umbilical Nº.3.5|2 lumen silicón 100% , libre de látex y PVC, extremo distal abierto y redondeado,<br>radiopaco, tapa en extremo proximal y conector de tipo Luer Lock, graduado<br>cada cm,  estéril, descartable|","GPC-RECIEN-NACIDO-CON-DIFICULTAD-PARA-RESPIRAR.pdf","21. Anexos","2","2","","Calibracion medica inicial estandarizada"
"GT-0076","01_urgencias_obstetricas","GPC_Atencion_del_trabajo_parto_posparto_y_parto_inmediato.pdf","triplet_v2_00058","positive_direct","Describa el protocolo de manejo clínico inmediato y contraindicaciones normadas en Comprobar el bienestar materno inmediatamente antes de ser dada de alta en Área de Partos. - Esquema y Criterios Normados según la GPC oficial del Ecuador.","[Tabla 1]
|16-579-1|Equipo de infusión para<br>bomba|Toma de aire con flitro antibacteriano, segmento de<br>silicona, cámara de goteo fel xible y transparente con flitro<br>de líquido de 15 micras, tubo transparente 140 cm (+/-10<br>cm) de longitud, regulador de ful jo roller, inyector lateral en<br>Y de material autocicatrizante, conector Luer Lock, libre de<br>látex y DEHP (PHtalatos), estéril, descartable.|
|---|---|---|
|**10-030-17**|**Esparadrapo de tela no**<br>**tejida**|5 cm x 9,1 m, soporte de poliéster poroso, distendible,<br>libre de látex,  con adhesivo hipoalergénico distribuido<br>uniformemente, transpirable, resistente a la humedad,<br>descartable.|
|**15-697-1**|**Gafas de seguridad**|Plástico<br>resistente<br>transparente,<br>policarbonato,<br>ajustables, protección ocular lateral, antirayaduras y<br>antiniebla, antirefejo,  resistente a losquímicos.|
|**13-882-1**|**Gorro quirúrgico, mujer**|De tela no tejida, SMS,  polipropileno 100%, gramaje<br>mínimo 35 g/cm2, con elástico en los bordes, plegable,<br>resistente a fuidos, antiestática, tamaño estándar, no<br>estéril, descartable.|","GPC_Atencion_del_trabajo_parto_posparto_y_parto_inmediato.pdf","27.	 Comprobar el bienestar materno inmediatamente antes de ser dada de alta en Área de Partos.","2","2","","Calibracion medica inicial estandarizada"
"GT-0077","01_urgencias_obstetricas","MSP_Trastornos-hipertensivos-del-embarazo-con-portada-3.pdf","triplet_v2_00376","positive_direct","¿Cuáles son los signos de alarma, criterios de severidad y algoritmo de derivación en 7 Tratamiento farmacológico en la emergencia hipertensiva según la normativa nacional?","* Medicamento no consta en la lista de medicamentos esenciales del CNMB 9na revisión. Conforme la norma vigente, requiere justificación técnica para evaluar pertinencia de  adquisición y financiamiento por parte de la Red Pública Integral de Salud. Fuentes: Magee LA et al (2014) (9);  Petro G et al. (2014). (134) Elaboración propia.

12.8 Tratamiento preventivo para la eclampsia

El mecanismo de los efectos anticonvulsivos de sulfato de magnesio no ha sido claramente definido. El efecto primario se piensa que es central. Las hipótesis incluye elevar el umbral convulsivo por su actuación en la N-metil D-aspartato (NMDA), con estabilización de la membrana en el sistema nervioso central secundaria a sus acciones como un antagonista del calcio no específico, así como la disminución de la acetilcolina en el nervio motor terminal. Otra teoría es que promueve la vasodilatación de los vasos cerebrales oponiéndose al vasoespasmo arterial dependiente de calcio, lo que reduce el barotrauma cerebral. (101)","MSP_Trastornos-hipertensivos-del-embarazo-con-portada-3.pdf","12.7 Tratamiento farmacológico en la emergencia hipertensiva","2","2","","Calibracion medica inicial estandarizada"
"GT-0078","01_urgencias_obstetricas","GPC_anomalias_de_insercion_placentaria_2017.pdf","gpc_GPC_anomalias_de_insercion_placentaria_2017_chunk_0013","contextual_neutral","¿Cuáles son los signos de alarma, criterios de severidad y algoritmo de derivación en Evidencias y recomendaciones - Esquema y Criterios Normados según la normativa nacional?","En aproximadamente el 90 % de los casos, la inserción del cordón umbilical ocurre en torno al centro de la placenta. En el otro 10 %, se encuentra a menos de 2 cm del borde placentario, mientras que en un 1,1 % de los embarazos, la inserción tiene lugar en las membranas ovulares, que es lo que definimos como inserción velamentosa [15]. Esta inserción es más frecuente en gestaciones múltiples y en un 2 % en embarazos triples [16].

Cuando estos vasos, desprotegidos de la gelatina de Wharton, forman parte del polo inferior de la bolsa amniótica, puede producirse la rotura de los vasos (hemorragia por vasos previos), con grave riesgo fetal. La inserción velamentosa es un requisito para la existencia de vasa previa [17].

Los factores de riesgo de vasa previa son la fecundación in vitro y la placenta previa. Además, gestaciones con vasa previa pueden asociar alteraciones renales, espina bífida o arteria umbilical única [18].

Clasificación

Tabla 1. Clasificación de la placenta previa

Fuente: Cunningham FG, et al. Williams. Obstetricia. [12] ; Oyelese, Yinka M. Placenta previa: the evolving role of ultrasound [19].

Tabla 2. Clasificación de acretismo placentario

Fuente: Cunningham FG, et al. Williams. Obstetricia. [12]; Iyasu S, et al. The epidemiology of placenta previa in the United States, 1979 through 1987 [20].

Tabla 3. Clasificación de vasa previa

Fuente: Pérez M, et al. Rotura de vasa previa en una inserción velamentosa de cordón umbilical. Importancia del diagnóstico prenatal [21].","Guia de Practica Clinica: Diagnostico y Tratamiento de las Anomalias de Insercion Placentaria y Vasos Previos","13","0","0","","Calibracion medica inicial estandarizada"
"GT-0079","02_respiratorio_pediatrico","GP_Tuberculosis-1.pdf","triplet_v2_00637","positive_direct","¿Cuáles son los signos de alarma, criterios de severidad y algoritmo de derivación en WHO treatment guidelines for drug-resistant Tuberculosis. 2016. (71,113) - Esquema y Criterios Normados según la normativa nacional?","Pirazinamida (Z)

[Tabla 1]
|Indicación|Tuberculosis en combinación con otros fármacos.<br>Bactericida para M. tuberculosis latente.|
|---|---|
|**Forma farmacéutca**<br>**y concentración**|Tableta de 500 mg<br>Tabletas de Isoniacida 75 mg + Rifampicina 150 mg + Oirazi-<br>namida 400 mg + Etambutol 275 mg<br>Tabletas Dispersables de Isoniacida 50 mg + Rifampicina 75<br>mg + Pirazinamida 150 mg|
|**Absorción/Ingesta**|Se absorbe bien desde el tracto GI. Puede tomarse con el<br>estómago vacío o con las comidas.|
|**Contraindicaciones**|Insufciencia hepátca severa, hipersensibilidad al medica-<br>mento, ataque agudo de gota.|
|**Interacciones**|Sulfnpirazona: Antagoniza los efectos de Sulfnpirazona.<br>Vacunas:los antbacterianos inactvan la Vacuna Oral contra<br>la febre Tifoidea|
|**Precauciones**|Defciencia hepátca: Hepatotoxicidad idiopátca más fre-<br>cuente. Evitar en caso de insufciencia hepátca grave. En<br>pacientes con insufciencia hepátca preexistente o insuf-<br>ciencia hepátca controlar la función hepátca con regulari-<br>dad y con especial frecuencia en los primeros 2 meses.<br>Diabetes, hiperuricemia, gota, alcoholismo, insufciencia<br>renal.<br>En pacientes con VIH que presentaron efecto adverso a Pi-<br>razinamida no reintroducir el medicamento.|
|**Efectos adversos**|Anorexia, artralgia, disuria, febre, enrojecimiento, hepato-<br>megalia, hepatotoxicidad, ictericia, insufciencia hepátca,<br>náusea, fotosensibilidad, erupción, anemia sideroblástca,<br>esplenomegalia, trombocitopenia, vómito.|
|**Penetración LCR**|Equivalentes a las concentraciones séricas.|
|**Circunstancias**<br>**especiales**|**Uso durante el embarazo:**El fabricante recomienda el uso<br>solamente si el benefcio potencial sobrepasa el riesgo.<br>**Lactancia:**Cantdad demasiado pequeña para ser dañina.<br>**Uso en enfermedad renal:**Excretada por los riñones, dosi-<br>fcación 3 veces a la semana.<br>**Uso en enfermedad hepátca:**Úsela con precaución. La Pi-<br>razinamida se asocia con hepatotoxicidad en un 1% de los<br>pacientes. La hepatotoxicidad puede ser muy grave y em-<br>peora el tratamiento.|","GP_Tuberculosis-1.pdf","2010. WHO treatment guidelines for drug-resistant Tuberculosis. 2016. (71,113)","2","2","","Calibracion medica inicial estandarizada"
"GT-0080","01_urgencias_obstetricas","MSP_Trastornos-hipertensivos-del-embarazo-con-portada-3.pdf","triplet_v2_00250","positive_direct","Describa el protocolo de manejo clínico inmediato y contraindicaciones normadas en Consejo Nacional de Salud. Comisión Nacional de Medicamentos e Insumos. Cuadro Nacional de Medicamentos - Esquema y Criterios Normados según la GPC oficial del Ecuador.","[Tabla 1]
|Lista de dispositivos médicos esenciales para trastornos hipertensivos del embarazo|Col2|Col3|
|---|---|---|
|14-085|Tubo endotraqueal I.D.<br>6.5 mm, 7.0 mm, 7.5 mm,<br>8.0 mm, con balón|Polivinil siliconizado, termosensible, línea radiopaca, conector<br>universal de 15 mm, marcado  cada 10 mm, marca de profundidad<br>visible, extremo en bisel, balón de baja presión, punta atraumática,<br>libre de látex,  estéril, descartable.|
|17-028|Reactivos/Kits para<br>biometría hemática,<br>automatizado|Citometría de fujo. Incluye reactivos listos para usar.|
|19-692|Reactivos/Kits para<br>determinación de tiempo<br>de protrombina (TP)|Contiene:<br>• Reactivo: tromboplastina de cerebro de conejo, cloruro de calcio<br>y cloruro de sodio.<br>• Inserto(instrucciones de uso).|
|19-691|Reactivos/Kits para<br>determinación de tiempo<br>de tromboplastina parcial<br>(TTP)|Contiene:<br>• Cloruro de calcio.<br>• Reactivo: mezcla de cefalina con un activador.<br>• Inserto(instrucciones de uso).|
|18-929|Reactivos/Kits para<br>determinación deglucosa|Método enzimático. Contiene reactivos listos para usar. Puede<br>incluir supropio calibrador.|","MSP_Trastornos-hipertensivos-del-embarazo-con-portada-3.pdf","175. Consejo Nacional de Salud. Comisión Nacional de Medicamentos e Insumos. Cuadro Nacional de Medicamentos","2","2","","Calibracion medica inicial estandarizada"
"GT-0081","01_urgencias_obstetricas","GPC_anomalias_de_insercion_placentaria_2017.pdf","triplet_v2_00051","positive_direct","¿Cuáles son los signos de alarma, criterios de severidad y algoritmo de derivación en Publicación y actualización reciente (2010-2016). - Esquema y Criterios Normados según la normativa nacional?","Manifestaciones clínicas

¿Cuáles son las principales manifestaciones clínicas de las anomalías de inserción placentaria?

[Tabla 1]
|Los factores de riesgo asociados a vasa previa son [3]:<br>• Placenta bilobulada o lóbulos succenturiados<br>• Placenta de inserción baja en el segundo trimestre<br>• Embarazos múltiples<br>• Fertilización in vitro|III|
|---|---|
|El antecedente de cesárea es un factor de riesgo para desarrollar anomalías de inserción<br>placentaria; el riesgo de placenta acreta si existe placenta previa aumentará en función del<br>número de cesáreas anteriores [6]:<br>• <br>1 cesárea: 11 %<br>• <br>2 cesáreas: 40 %<br>• <br>3 cesáreas: 61 %<br>• <br>4 o más cesáreas: 67 %|**III**|","GPC_anomalias_de_insercion_placentaria_2017.pdf","4.	 Publicación y actualización reciente (2010-2016).","2","2","","Calibracion medica inicial estandarizada"
"GT-0082","01_urgencias_obstetricas","gpc_guia_aborto_espontaneo_incompleto_19_feb_2014.pdf","gpc_gpc_guia_aborto_espontaneo_incompleto_19_feb_2014_chunk_0060","contextual_neutral","Describa el protocolo de manejo clínico inmediato y contraindicaciones normadas en Comprobar el bienestar materno inmediatamente antes de ser dada de alta en Área de Partos. - Esquema y Criterios Normados según la GPC oficial del Ecuador.","Doxiciclina

[Tabla 1]
|Uso en el embarazo|Categoría C. Contraindicado. Sin evidencia suficiente y riesgo<br>potencial similar al de otros macrólidos.|
|---|---|
|Uso en la lactancia|No se ha establecido su seguridad y no se conoce si se distribuye en<br>la leche materna. Desaconsejado su uso.|","Guia de Practica Clinica: Manejo del Aborto Espontaneo e Incompleto","44","0","0","","Calibracion medica inicial estandarizada"
"GT-0083","02_respiratorio_pediatrico","GPC-Sepsis-neonatal.pdf","triplet_v2_00489_neg","hard_negative_plausible","¿Qué intervenciones farmacológicas y no farmacológicas de grado A/B están normadas por el MSP en Anexos - Esquema y Criterios Normados para Guia de Practica Clinica: Sepsis Bacteriana del Recien Nacido?","[Tabla 1]
|Título|Sepsis neonatal|
|---|---|
|**Organización**<br>**desarrolladora**|Ministerio de Salud Pública del Ecuador. Dirección Nacional de<br>Normatización. Organización Panamericana de la Salud.|
|**Código CIE -10**|P36 Sepsis bacteriana del recién nacido<br>P36.0 Sepsis del recién nacido debida a estreptococo del grupo B<br>P36.1 Sepsis del recién nacido debida a otros estreptococos y a los<br>no especifcados<br>P36.2 Sepsis del recién nacido debida a_Staphylococcus aureus_<br>P36.3 Sepsis del recién nacido debida a otros estaflococos y a los<br>no especifcados<br>P36.4 Sepsis del recién nacido debida a_Escherichia coli_<br>P36.5 Sepsis del recién nacido debida a anaerobios<br>P36.8 Sepsis del recién nacido debida a otras bacterias<br>P36.9 Sepsis bacteriana del recién nacido, no especifcada<br>P39 Otras infecciones específcas del período perinatal<br>P37.5 Candidiasis neonatal|
|**Categoría de la**<br>**GPC**|Tercer nivel de atención: diagnóstico y tratamiento. Acciones<br>específcas en segundoy primer nivel.|
|**Profesionales**<br>**a quienes va**<br>**dirigida**|Esta guía está dirigida a los profesionales involucrados en la atención<br>directa del recién nacido tales como: médicos especialistas en<br>neonatología, pediatría, obstetricia, médicos generales, familiares,<br>enfermeros y obstetras. Su uso es de utilidad para el manejo<br>multidisciplinario de todo el equipo de salud.|
|**Otros usuarios**<br>**potenciales**|Personal de salud en formación. Quienes ejercen un nivel de<br>responsabilidad en el planeamiento, gerencia y dirección de centros<br>obstétricos, áreas de neonatologíay cuidado del recién nacido.|
|**Población blanco**|El recién nacido.|
|**Intervenciones**<br>**y acciones**<br>**consideradas**|Reducción de morbi-mortalidad en el recién nacido. Prevención,<br>diagnóstico y tratamiento en el recién nacido con sepsis o su<br>sospecha. Prevención, detección y tratamiento de complicaciones<br>derivadas de esta enfermedad de origen neonatal.|","Hard Negative Intra-Eje","26. Anexos","0","0","","Calibracion medica inicial estandarizada"
"GT-0084","04_soporte_cronicos_salud_mental","gpc_cuidados_paliativos_completa_2014.pdf","triplet_v2_01651","positive_direct","¿Cuáles son los criterios clínicos, diagnóstico y conducta médica recomendada para Anuria <300 ml/d - Mezclas compatibles de tres medicamentos que incluyen morfin según la GPC de Guia de Practica Clinica: Cuidados Paliativos del MSP Ecuador?","En la tabla 2, modificada de Porta et al., se muestran algunas de las mezclas de tres fármacos compatibles utilizadas en la práctica clínica que incluyen morfina. Se puede consultar informa- ión acerca de la compatibilidad de mezclas en la dirección http://www.pallcare.info/

Tabla 2. Mezclas compatibles de tres medicamentos que incluyen morfina

Este anexo se ha elaborado sobre la base de las siguientes referencias:

1. Porta-Sales J, Gomez-Batiste X, Tuca A, editores. Manual de control de síntomas en pacientes con cáncer avanzado y terminal. Madrid: Editorial

Arán; 2004.

2. NHS Greater Glasgow, Acute Services Division, Palliative Care Practice Development Team. Guidelines for the use of Subcutaneous Medications

in Palliative Care. March 2007 Disponible en :http://www.palliativecareglasgow.info/pdf/guidelines_subcutaneous_meds_corrected.pdf

3. Department of Pharmacy, Auckland District Health Board. Compatibility of syringe drives admixtures for continuous subcutaneous infusion.

Disponible en: http://www.nzhpa.org.nz/SDAdCompProj.pdf

4. Dickman A, Scheneider J, Varga J: The Syringe Driver. Continuous subcutaneous infusions in palliative care. Oxford University Press. Second

edition. 2005.","gpc_cuidados_paliativos_completa_2014.pdf","8. Anuria <300 ml/d","2","2","","Calibracion medica inicial estandarizada"
"GT-0085","03_cardiovascular_metabolico","gpc_hta192019.pdf","triplet_v2_01248","positive_direct","Describa el protocolo de manejo clínico inmediato y contraindicaciones normadas en Definición, fisiopatología e historia natural de la hipertensión según la GPC oficial del Ecuador.","Canadian Medical Association, Haute Autorité de Santé, DynaMed Plus, Guías Salud, Centro nacional de excelencia tecnología en salud, National Institute for health and care excellence, Scottish intercollegiate guidelines network, Australian Clinical Practice Guidelines, Guidelines United Kingdom, New Zealand Guidelines Group, Ministerio de Salud de Colombia, Ministry of Health Malaysia, Centers of Disease Control and Prevention, American Medical Association, Public Health Agency of Canada.

El equipo seleccionó como material de partida guías de práctica clínica con los siguientes criterios de inclusión:

1) Tipo de documento: guía de práctica clínica (GPC) o grupo de recomendaciones. 2) Adaptada por un grupo multidisciplinario. 3) Declaración de conflictos de interés explícita. 4) Metodología de medicina basada en evidencias sobre la prevención, diagnóstico, tratamiento y pronóstico de la HTA. 5) Reporte explícito de búsqueda de literatura científica. 6) Idioma inglés y español. 7) Consistencia y claridad en las recomendaciones. 8) Publicación y actualización reciente en los años 2013-2018.

Se excluyeron guías que no cumplieron con las restricciones y estrategias de búsqueda y guías en las que no se utilizó una metodología basada en la evidencia.

Como resultado de la revisión sistemática, se encontraron 3214 documentos obtenidos a través de metabuscadores, bases de datos, buscadores de GPC y buscadores específicos. Utilizando la herramienta Prisma, se muestra el flujo de información a través de las diferentes fases de una revisión sistemática.(45) Detalla la cantidad de registros identificados, incluidos y excluidos, y los motivos de las exclusiones (anexo 2). Luego de este proceso, quedaron seleccionadas seis guías de práctica clínica:

información de las guías: Hypertension Canada’s 2017 Guidelines for Diagnosis, Risk Assessment, Prevention, and Treatment of Hypertension in Adults, ACC/AHA/AAPA/ABC/ACPM/AGS/APhA/ASH/ASPC/NMA/PCNA Guideline for the Prevention, Detection, Evaluation, and Management of High Blood Pressure in Adults: Executive Summary, 2017; así como de fuentes de información independientes.

Aspectos que cubre esta guía de práctica clínica (GPC)","gpc_hta192019.pdf","9. Definición, fisiopatología e historia natural de la hipertensión","2","1","","Calibracion medica inicial estandarizada"
"GT-0086","03_cardiovascular_metabolico","guia_prevencion_diagnostico_tratamiento_enfermedad_renal_cronica_2018.pdf","triplet_v2_01214","positive_direct","¿Cuáles son los criterios clínicos, diagnóstico y conducta médica recomendada para 3 Prevención secundaria y progresión de la ERC - Esquema y Criterios Normados según la GPC de Guia de Practica Clinica: Enfermedad Renal Cronica del MSP Ecuador?","[Tabla 1]
|Col1|Col2|Col3|Col4|Cuando exista hiperpotasemia, previo al uso de antagonistas del sistema|Col6|
|---|---|---|---|---|---|
||||<br> <br> <br> <br> <br>|Se sugiere que en pacientes con ERC en quienes se requiera otra|<br> <br> <br> <br>|
||||<br> <br> <br> <br> <br>|medicación que no sea un antagonista del SRAA, se indique:|medicación que no sea un antagonista del SRAA, se indique:|
|||||bloqueadores de canales de calcio, betabloqueadores, o diuréticos. Para|bloqueadores de canales de calcio, betabloqueadores, o diuréticos. Para|
|||||la prescripción de cualquiera de estos medicamentos, se recomienda|la prescripción de cualquiera de estos medicamentos, se recomienda|
|||||<br>individualizar el manejo según las características de cada paciente y|<br>individualizar el manejo según las características de cada paciente y|
|||||evaluando los posibles efectos adversos y las posibles interacciones.|evaluando los posibles efectos adversos y las posibles interacciones.|
||**Manejo de la presión arterial en adultos mayores con ERC**|**Manejo de la presión arterial en adultos mayores con ERC**|**Manejo de la presión arterial en adultos mayores con ERC**|**Manejo de la presión arterial en adultos mayores con ERC**||
||||<br> <br> <br> <br> <br> <br>|En adultos mayores con ERC e HTA, y sin diabetes mellitus se|<br> <br> <br> <br> <br>|","guia_prevencion_diagnostico_tratamiento_enfermedad_renal_cronica_2018.pdf","14.3 Prevención secundaria y progresión de la ERC","2","2","","Calibracion medica inicial estandarizada"
"GT-0087","03_cardiovascular_metabolico","guia_prevencion_diagnostico_tratamiento_enfermedad_renal_cronica_2018.pdf","triplet_v2_01129","positive_direct","Describa el protocolo de manejo clínico inmediato y contraindicaciones normadas en 1 Prevención primaria - Esquema y Criterios Normados según la GPC oficial del Ecuador.","[Tabla 1]
|Col1|Col2|Col3|Col4|Col5|Col6|
|---|---|---|---|---|---|
||||<br> <br>|- <br>Infecciones de vías urinarias febriles recurrentes|- <br>Infecciones de vías urinarias febriles recurrentes|
||||<br> <br>|||
||||<br> <br>|Relacionados con la edad|Relacionados con la edad|
||||<br> <br>|||
||||<br> <br>|- <br>Adulto mayor, especialmente si presenta polifarmacia, síndrome|- <br>Adulto mayor, especialmente si presenta polifarmacia, síndrome|
||||<br> <br>|<br>metabólico, hiperuricemia o cualquier otro factor de riesgo|<br>metabólico, hiperuricemia o cualquier otro factor de riesgo|
||||<br> <br>|<br>adicional para ERC|<br>adicional para ERC|
||||<br> <br>|||
||||<br> <br>|Laborales|Laborales|
||||<br> <br>|||
||||<br> <br>|- <br>Ambiente laboral relacionado con: estrés por calor y/o trabajo|- <br>Ambiente laboral relacionado con: estrés por calor y/o trabajo|
||||<br> <br>|<br>extenuante, deshidratación, exposición a agroquímicos* y/o|<br>extenuante, deshidratación, exposición a agroquímicos* y/o|
||||<br> <br>|<br>sustancias herbolarias.|<br>sustancias herbolarias.|","guia_prevencion_diagnostico_tratamiento_enfermedad_renal_cronica_2018.pdf","14.1 Prevención primaria","2","2","","Calibracion medica inicial estandarizada"
"GT-0088","02_respiratorio_pediatrico","gpc_ehirn2019.pdf","triplet_v2_00550","positive_direct","¿Cuáles son los criterios clínicos, diagnóstico y conducta médica recomendada para Exaguinación fetal debido a existencia de vasa previa o hemorragia feto materna. - Esquema y Criterios Normados según la GPC de Guia de Practica Clinica: Enfermedad Hemolitica del Recien Nacido del MSP Ecuador?","[Tabla 1]
|Col1|2. Fase de mantenimiento(18,66)|Col3|Col4|R B|Col6|
|---|---|---|---|---|---|
|<br> <br> <br>|para monitorización mediante electroencefalografía.(61,79,80)|para monitorización mediante electroencefalografía.(61,79,80)|para monitorización mediante electroencefalografía.(61,79,80)|para monitorización mediante electroencefalografía.(61,79,80)|para monitorización mediante electroencefalografía.(61,79,80)|
|<br>|La hipotermia se debe realizar antes de las seis horas de vida, pues se ha|||R A||
|<br>|observado que disminuye significativamente la incapacidad y muerte.(66,77,80)|observado que disminuye significativamente la incapacidad y muerte.(66,77,80)||||
||Se recomienda aEEG realizar durante todo el tratamiento de hipotermia.(2,8,51,61)|||R B||
|||||||
|<br> <br>|Se recomienda realizar video monitorización EEG (si se dispone) o EEG|<br>||R B||
|<br> <br>|convencional durante las primeras 24 horas y a partir de las 12 horas luego del|convencional durante las primeras 24 horas y a partir de las 12 horas luego del||||
|<br> <br>|período de recalentamiento.(8,51,61)|período de recalentamiento.(8,51,61)|período de recalentamiento.(8,51,61)|período de recalentamiento.(8,51,61)|período de recalentamiento.(8,51,61)|
|<br> <br>|Se recomienda realizar una RMN en un paciente con EHI moderada o grave al|<br>||R B||","gpc_ehirn2019.pdf","6. Exaguinación fetal debido a existencia de vasa previa o hemorragia feto materna.","2","2","","Calibracion medica inicial estandarizada"
"GT-0089","01_urgencias_obstetricas","GPC_anomalias_de_insercion_placentaria_2017.pdf","triplet_v2_00131_neg","hard_negative_plausible","¿Cuáles son los signos de alarma, criterios de severidad y algoritmo de derivación en Publicación y actualización reciente (2010-2016). - Esquema y Criterios Normados según la normativa nacional?","El equipo de trabajo seleccionó como material de partida guías de práctica clínica con los siguientes criterios de inclusión:

1.	 Idioma inglés, español y portugués.

2.	 Metodología de medicina basada en evidencias (meta-análisis, revisiones sistemáticas

y ensayos clínicos controlados).

3.	 Consistencia y claridad en las recomendaciones.

4.	 Publicación y actualización reciente (2010-2016).

Se encontraron 155 documentos obtenidos a través de búsquedas en bases de datos y 4 documentos identificados a través de otros recursos como sitios y documentos de soporte para el proceso de adaptación, en total 159 registros. De estos, se excluyeron 6 duplicados, 139 textos incompletos y 7 por la baja calidad metodológica. El total de 4 guías de hemofilia fueron calificadas con el instrumento AGREE II. (20) Producto de este proceso resultó el siguiente documento para ser adaptado (ver anexo 1):

• Federación Mundial de Hemofilia. Guías para el tratamiento de la hemofilia. Segunda Edición; Montreal; 2012. (2)

12.  Gradación de la evidencia y símbolos utilizados

En esta guía de práctica clínica para el nivel de evidencia y la fuerza de las recomendaciones se utilizó la escala de Oxford, y para algunas recomendaciones se mantuvo la escala de gradación GRADE del documento original (tablas 4, 5 y 6).

Tabla 4. Escala de gradación de evidencia de Oxford","Hard Negative Inter-Eje","4.	 Publicación y actualización reciente (2010-2016).","1","1","","Calibracion medica inicial estandarizada"
"GT-0090","02_respiratorio_pediatrico","GPC-Sepsis-neonatal.pdf","gpc_GPC-Sepsis-neonatal_chunk_0040","contextual_neutral","Describa el protocolo de manejo clínico inmediato y contraindicaciones normadas en Preparar coche de paro para - Esquema y Criterios Normados según la GPC oficial del Ecuador.","17.2.3. Procalcitonina (PCT)5, 7, 35-54

17.3. Hemocultivo5, 7, 35-50-57

[Tabla 1]
|Las determinaciones seriadas dos veces de PCR con valores persistentemente<br>normales de acuerdo al rango utilizado en cada unidad, en más de 90% de los<br>casos sugieren que los RN no están infectados con una alta especificidad y puede<br>ayudar a minimizar la exposición a los antibióticos y disminuir la probabilidad de<br>microorganismos resistentes emergentes.|E-1a|
|---|---|
|En la sospecha clínica de infección de inicio tardío, si los valores de PCR no disminuyen<br>a partir de las 72 horas de tratamiento con antibióticos y no hay una evolución clínica<br>favorable, se debe considerar resistencia bacteriana a los antibióticos.|E1-a|
|Se recomienda, en la sospecha clínica de infección de inicio tardío, realizar una PCR<br>control entre las 48y 72 hposteriores al inicio del tratamiento antibiótico empírico.|R-D|
|Los valores de PCR deben ser determinados de acuerdo al laboratorio de cada<br>institución.|R-D|","Guia de Practica Clinica: Sepsis Bacteriana del Recien Nacido","29","0","0","","Calibracion medica inicial estandarizada"
"GT-0091","03_cardiovascular_metabolico","gpc_hta192019.pdf","gpc_gpc_hta192019_chunk_0008","contextual_neutral","¿Qué esquema terapéutico de primera línea, dosificación y monitoreo normado establece el MSP para Evidencias y recomendaciones - Esquema y Criterios Normados (I10)?","Referencia no cumplida: es aquella en que el usuario referido no asistió al servicio de admisión, consulta externa o de emergencia del establecimiento de salud de la misma entidad o no fue registrado en un sistema informático o manual.(23)

Referencia cumplida efectiva: es aquella en que el usuario referido asistió al servicio de admisión, consulta externa o de emergencia del establecimiento de salud de la misma entidad al que fue referido y fue atendido por el profesional de salud.(23)

Referencia cumplida no efectiva: es aquella en que el usuario referido asistió al servicio de admisión, consulta externa o de emergencia del establecimiento de salud de la misma entidad al que fue referido y no fue atendido por el profesional de salud.(23)

Riesgo cardiovascular: estima el riesgo de una persona de enfermedad cardiovascular durante un período específico (ejemplo: 10 años) según sus niveles de factores de riesgo y el riesgo promedio de enfermedad cardiovascular en la población.(24)

Sobrepeso: es la acumulación anormal o excesiva de grasa que puede ser perjudicial para la salud, la forma de medir el sobrepeso IMC. Una persona con un IMC igual o superior a 25 es considerada con sobrepeso.(22)

Tamizaje: son aquellas acciones preventivas en las cuales una prueba o examen sistematizado es usado para identificar a los pacientes que requieren una intervención especial.(25)

9. Definición, fisiopatología e historia natural de la hipertensión

arterial

La categorización de los valores de corte de la TA es de utilidad universal, tanto para simplificar el enfoque del diagnóstico como para facilitar la decisión sobre el tratamiento. La HTA se define como valores ≥140 mmHg TAS y/o ≥90 mmHg TAD.(20,26)

La evaluación inicial de un paciente con HTA debe confirmar:(20,26)

nítrico). Además, contribuyen a lo anterior diversos factores hormonales y el síndrome anémico.(27)","Guia de Practica Clinica: Hipertension Arterial (HTA)","14","0","0","","Calibracion medica inicial estandarizada"
"GT-0092","01_urgencias_obstetricas","GPC_atencion_parto_por_cesarea_2015.pdf","gpc_GPC_atencion_parto_por_cesarea_2015_chunk_0025","contextual_neutral","¿Cuáles son los signos de alarma, criterios de severidad y algoritmo de derivación en 13 Identificación y manejo de la intoxicación por sulfato de magnesio - Esquema y Criterios Normados según la normativa nacional?","Solicitud materna para cesárea

Factores que reducen la probabilidad de cesárea

Factores que no influyen en la probabilidad de realizar una  cesárea

[Tabla 1]
|Se recomienda cesárea electiva a las embarazadas con infección primaria genital del virus<br>del herpes simple (HSV) que ocurre en el tercer trimestre del embarazo, ya que de esta<br>manera disminuye el riesgo de infección de HSV neonatal. 17|R-C|
|---|---|
|En el caso de una embarazada que se encuentra en el tercer trimestre del embarazo o en<br>trabajo de parto o postparto y su  estado VIH es desconocido, se usará la prueba ELISA; si<br>no está disponible, se recomienda el uso de una prueba rápida de tercera generación. Si se<br>obtuviera un resultado positivo, debe iniciarse inmediatamente el protocolo de prevención de<br>la transmisión materna infantil.|P|","Guia de Practica Clinica: Atencion del Parto por Cesarea","17","0","0","","Calibracion medica inicial estandarizada"
"GT-0093","01_urgencias_obstetricas","GPC_atencion_parto_por_cesarea_2015.pdf","triplet_v2_00374","positive_direct","Describa el protocolo de manejo clínico inmediato y contraindicaciones normadas en Dirección general de salud reproductiva. Cesárea Segura. Lineamiento técnico. según la GPC oficial del Ecuador.","13.	 Dirección general de salud reproductiva. Cesárea Segura. Lineamiento técnico.

Secretaría de Salud México, Chapultepec. 2002.pp;48

14.	 Cano R, Covarrubias M, Rios A. Guía de Práctica Clínica. Parto después de una cesárea

México: CENETEC; 2013.

15.	 ACOG. Definition of Term Pregnancy. ACOG; Society for Maternal-Fetal Medicine. 2013

Nov;(579).

16.	 ACOG. Cesarean Delivery on Maternal Request. ACOG. 2013 Abr;(559).

17.	 Griffiths M, Chippington D, Jibodu O, al e. Caesarean Section. Segunda edición ed.

London: Royal College of Obstetricians and Gynaecologists, National Collaborating Centre for Women’s and Children’s Health, National Institute for Health and Clinical Excellence; 2011.

19.	 RCOG. Birth after previous caesarean birth. Royal College of Obstetrician and

Gynecologists. 2007 feb;(45).

20.	 ACOG. Scheduled Cesarean Delivery and the prevention of vertical transmission og HIV

infection. Washington:, The American College of Obstetricians and Gynecologists; 2000 May. Report No.: 1074-861X.

21.	 Martel M, MacKinnon C, Arsenault M, al e. Guidelines for Vaginal Birth After Previous

Caesarean Birth. SOGC CLINICAL PRACTICE GUIDELINES. 2005: p. 164-74.

22.	 American Society of Anesthesiologists. An Updated Report by the American Society of

Anesthesiologists Task Force on. Practice Guidelines for Obstetric Anesthesia. 2007: p. 843-63.

23.	 Comisión Nacional de Medicamentos e Insumos del Consejo Nacional de Salud. Cuadro

Nacional de Medicamentos Básicos y Resgistro Terapéutico. 9th ed. Almeida I, Galarza N, editors. Quito; 2014.

13. Anexos

Anexo 1. Nivel de evidencia y fuerza de recomendación

El concepto de Medicina Basada en la Evidencia (MBE) fue desarrollado por la Escuela de Medicina de la Universidad McMaster de Canadá. La MBE es la utilización consciente, explícita y juiciosa de la mejor evidencia  clínica disponible para tomar decisiones  sobre el cuidado individual de los pacientes.","GPC_atencion_parto_por_cesarea_2015.pdf","13.	 Dirección general de salud reproductiva. Cesárea Segura. Lineamiento técnico.","2","2","","Calibracion medica inicial estandarizada"
"GT-0094","04_soporte_cronicos_salud_mental","Guía-fibrosis-quística.pdf","triplet_v2_01661","positive_direct","¿Cuáles son los criterios clínicos, diagnóstico y conducta médica recomendada para Abreviaturas según la GPC de Guia de Practica Clinica: Fibrosis Quistica y Manual de Procedimientos del MSP Ecuador?","2. Abreviaturas

3. Glosario de términos

Acropaquias: también se llaman dedos en palillo de tambor y consisten en dilatación de la parte final de los dedos. Pueden aparecer en manos y pies.

Aerosol dosificador: dispositivo que al ser agitado primero y presionado después, libera una cantidad de medicamento que el paciente inhala.

Alcalinización: referente al medio alcalino en el que actúan los fermentos pancreáticos, poco ácido gracias al bicarbonato que contiene y que está producido en el páncreas.

Botón de gastrostomía: sonda plana que se coloca en el orificio de la gastrostomía; su forma recuerda al tapón de un flotador.

Bronquiectasias: dilatación de los bronquios.

Disnea: sensación de falta de aire.

Equipo de aerosoles: consiste en una fuente de aire que se denomina compresor y una cámara donde se echa el medicamento que se llama nebulizador. El compresor es como una caja que produce un chorro de aire y, con un tubo de plástico, se conecta al nebulizador, donde se echa el medicamento que se inhala a través de una mascarilla o una especie de pipa.

Esférulas: cada una de las bolitas que se encuentran dentro de las cápsulas o sobres de Creon encontrándose en su interior los fermentos pancreáticos.

Esputo: secreción procedente del pulmón.

Estoma: orificio.

Fermentos pancreáticos: son unas substancias que se producen en el páncreas y que rompen las grasas, las proteínas y los azúcares en elementos más simples más fáciles de absorber en el intestino.

Frotis faríngeo: recogida de secreciones de la parte más baja de la garganta.

Gastrostomía: es el orificio que comunica el estómago con la parte externa del abdomen. A través de dicho orificio se coloca la sonda de alimentación, que permite la administración de alimento desde el exterior directamente al estómago.

Gérmenes: diferentes especies de seres microscópicos, que pueden detectarse en las secreciones respiratorias de enfermos con FQ. Entre ellos, destacan las bacterias, los virus y los hongos.","Guía-fibrosis-quística.pdf","2. Abreviaturas","2","2","","Calibracion medica inicial estandarizada"
"GT-0095","03_cardiovascular_metabolico","gpc_hta192019.pdf","triplet_v2_01117","positive_direct","¿Cuáles son los signos de alarma, criterios de severidad y algoritmo de derivación en Evidencias y recomendaciones - Esquema y Criterios Normados según la normativa nacional?","[Tabla 1]
|Col1|7. Preferir alimentos preparados en casa.|Col3|Col4|Col5|Col6|
|---|---|---|---|---|---|
|<br> <br>|**Moderación en el consumo de alcohol**|||||
|<br> <br>|Se aconseja disminuir el consumo de alcohol a las personas que beben y evitar el inicio|Se aconseja disminuir el consumo de alcohol a las personas que beben y evitar el inicio|Se aconseja disminuir el consumo de alcohol a las personas que beben y evitar el inicio|IA|IA|
|<br> <br>|de consumo del mismo a quienes no lo han iniciado.(54)|de consumo del mismo a quienes no lo han iniciado.(54)||||
||Interrogar con detalle en la historia clínica sobre el consumo de alcohol.|||√||
|<br> <br>|Cuando el paciente presente problemas con el consumo de alcohol, el médico debe|<br>||√||
|<br> <br>|seguir los protocolos de atención que se encuentran vigentes en la normativa (ver|seguir los protocolos de atención que se encuentran vigentes en la normativa (ver||||
|<br> <br>|anexo 16).|anexo 16).|anexo 16).|anexo 16).|anexo 16).|
|<br> <br>|**Consumo de tabaco**|||||
|<br> <br>|Se recomienda aconsejar a todo paciente evitar el inicio de consumo de tabaco (anexo|Se recomienda aconsejar a todo paciente evitar el inicio de consumo de tabaco (anexo|Se recomienda aconsejar a todo paciente evitar el inicio de consumo de tabaco (anexo|IA|IA|","gpc_hta192019.pdf","12. Evidencias y recomendaciones","2","2","","Calibracion medica inicial estandarizada"
"GT-0096","04_soporte_cronicos_salud_mental","gpc_VIH_acuerdo_ministerial05-07-2019.pdf","gpc_gpc_VIH_acuerdo_ministerial05-07-2019_chunk_0553","contextual_neutral","¿Cuáles son los criterios clínicos, diagnóstico y conducta médica recomendada para Manejo de la patología respiratoria - Esquema y Criterios Normados según la GPC de Guia de Practica Clinica: Fibrosis Quistica y Manual de Procedimientos del MSP Ecuador?","[Tabla 1]
|Col1|LPV/r|Atorvastatina aumenta su Cmax 4,7 veces y su<br>AUC 5,9 veces|Titular dosis de atorvastatina<br>cuidadosamente y usar la dosis más baja<br>necesaria mientras se monitorea posible<br>toxicidad; no exceder más de 20 mg<br>diarios.|Col5|
|---|---|---|---|---|
|**rosuvastatina**|LPV/r|Rosuvastatina aumenta su Cmax 4,7 veces y su<br>AUC 2,1 veces|Titular dosis  de rosuvastatina<br>cuidadosamente y usar la dosis más baja<br>necesaria; no exceder más de 10 mg<br>diarios.|Titular dosis  de rosuvastatina<br>cuidadosamente y usar la dosis más baja<br>necesaria; no exceder más de 10 mg<br>diarios.|
|**rosuvastatina**|TPV/r|Rosuvastatina aumenta su Cmax 2 veces y su<br>AUC 26%|No requiere ajuste de dosis|No requiere ajuste de dosis|
|**simvastatina**|Todos los IP|Aumento significativo de simvastatina|Contraindicada|Contraindicada|","Guia de Practica Clinica: Atencion Integral de Adultos y Adolescentes con Infeccion por VIH","140","0","0","","Calibracion medica inicial estandarizada"
"GT-0097","04_soporte_cronicos_salud_mental","gpc_cuidados_paliativos_completa_2014.pdf","triplet_v2_01437","positive_direct","¿Cuáles son los criterios clínicos, diagnóstico y conducta médica recomendada para Anuria <300 ml/d - Esquema y Criterios Normados según la GPC de Guia de Practica Clinica: Cuidados Paliativos del MSP Ecuador?","DIARREA LOPERAMIDA CODEINA (ver en dolor)

[Tabla 1]
|Dosis|Depresión: 50 mg dosis estándar, ocasionalmente se puede<br>incrementar a 100-200 mg<br>Prurito por colestasis, uremia, neoplasias: 50-100 mg/día|
|---|---|
|Precauciones|Epilepsia, insufciencia hepática, insufciencia renal. Todos los<br>IRSS incrementan el riesgo de sangrado gastrointestinal en adultos<br>mayores, particularmente mayores de 80 años.<br>Sertralina (u otros IRSS) no debe ser iniciado hasta dos semanas<br>después de suspender inhibidores de la MAO.<br>Considerar la vida media prolongada al momento de suspender la<br>terapia, se requieren dos semanas para ser eliminado totalmente del<br>organismo.|
|Contraindicaciones|No asociar con inhibidores de la MAO por incremento de riesgo de<br>síndrome serotoninay síndrome neuroléptico maligno, manía.|
|Efectos adversos|Disfunción sexual (disminución de la líbido, orgasmo retardado),<br>anorexia, náusea, vómito, diarrea, dispepsia, erupción cutánea,<br>inquietud, cefalea.|
|Interacciones|Incrementa la actividad anticoagulante de la warfarina. Asociado con<br>antidiabéticos altera las concentraciones de glucosa. Empeora los<br>efecto adversos de los antipsicóticos. Riesgo elevado de hemorragia<br>gastrointestinal con el uso de AINE. Incrementa las concentraciones<br>plasmáticas de carbamazepina, fenitoína, haloperidol, clozapina,<br>risperidona, trazodona, diazepam y alprazolam por lo que se<br>recomienda en caso de asociación llevar estricta vigilancia terapéutica.|","gpc_cuidados_paliativos_completa_2014.pdf","8. Anuria <300 ml/d","2","1","","Calibracion medica inicial estandarizada"
"GT-0098","04_soporte_cronicos_salud_mental","MSP_Guía_hemofilia-congénita_230117_D-3-1.pdf","gpc_MSP_Guía_hemofilia-congénita_230117_D-3-1_chunk_0164","contextual_neutral","¿Qué esquema terapéutico de primera línea, dosificación y monitoreo normado establece el MSP para IV. Historia natural y pronóstico - Análisis de los diferentes protocolos de tamizaje neonatal (E84)?","Alta respuesta, título bajo

Alta respuesta, títulos altos

†Medicamento no consta en el Cuadro Nacional de Medicamentos Básicos 9na revisión. Conforme la norma vigente, requiere justificación técnica para evaluar pertinencia de adquisición y financiamiento por parte de la Red Pública Integral de Salud.

†Medicamento no consta en el Cuadro Nacional de Medicamentos Básicos 9na revisión. Conforme la norma vigente, requiere justificación técnica para evaluar pertinencia de adquisición y financiamiento por parte de la Red Pública Integral de Salud.

¿Es posible administrar profilaxis secundaria en pacientes que presentan inhibidores de alta respuesta?

Dado que los pacientes con inhibidor de alta respuesta no pueden acceder a la profilaxis primaria; la profilaxis secundaria con agentes baipaseantes, puede ser una intervención eficaz para prevenir la artropatía hemofílica y reducir la frecuencia de eventos hemorrágicos. (25)","Guia de Practica Clinica: Diagnostico y Tratamiento de la Hemofilia Congenita","62","0","0","","Calibracion medica inicial estandarizada"
"GT-0099","01_urgencias_obstetricas","GPC_anomalias_de_insercion_placentaria_2017.pdf","triplet_v2_00200","positive_direct","¿Cuáles son los signos de alarma, criterios de severidad y algoritmo de derivación en Publicación y actualización reciente (2010-2016). - Esquema y Criterios Normados según la normativa nacional?","Fuente: Consejo Nacional de Salud. Comisión Nacional de Medicamentos e Insumos. Cuadro Nacional de Medicamentos Básicos. Quito, 2014 [74].

Sales de hierro + ácido fólico

[Tabla 1]
|Interacciones|Disminución de la eficacia del hierro:<br>◊ Lácteos, huevos, café, té, pan integral, dieta rica en fibra y fitatos: por<br>quelación disminuye la absorción del hierro. Administre el hierro 1 hora<br>antes o 2 horas después de estos alimentos.<br>◊ Antiácidos: administrar hierro 1 hora antes o 4 horas después de<br>antiácidos debido a la disminución de la absorción del hierro.<br>◊ Sales de calcio: por quelación disminuye la absorción del hierro.<br>Administrar 2 horas antes o 4 horas después de las sales de calcio.<br>◊ Ranitidina, cimetidina, omeprazol, lansoprazol: por aumento del pH<br>gástrico, disminuyen la absorción del hierro. Administrar el hierro 1 hora<br>antes.<br>◊ Hierro parenteral intravenoso o intramuscular: disminuye absorción del<br>hierro oral.<br>Disminución de la eficacia de otros medicamentos:<br>◊ Levodopa, levodopa + carbidopa, fluoroquinolonas, tetraciclinas,<br>hormonas tiroideas, alendronato: el hierro disminuye la absorción<br>y eficacia de estos medicamentos. Administrar 2 a 4 horas antes del<br>hierro.<br>◊ Zinc: el hierro disminuye su absorción. Este problema se observa con<br>la ingestión de multivitamínicos + minerales, que incluyen hierro y zinc<br>en su composición. Se deberá ingerir al menos 2 horas después de la<br>administración de hierro.<br>◊ Gabapentina: el hierro disminuye su absorción. Administrar dos horas<br>después del sulfato ferroso.<br>Aumento de los efectos adversos:<br>-- Dimercaprol: administrar con 24 horas de diferencia, por riesgo de<br>toxicidad por la formación de quelatos tóxicos.|
|---|---|","GPC_anomalias_de_insercion_placentaria_2017.pdf","4.	 Publicación y actualización reciente (2010-2016).","2","2","","Calibracion medica inicial estandarizada"
"GT-0100","03_cardiovascular_metabolico","gpc_hta192019.pdf","triplet_v2_01049","positive_direct","Describa el protocolo de manejo clínico inmediato y contraindicaciones normadas en Evidencias y recomendaciones - Esquema y Criterios Normados según la GPC oficial del Ecuador.","[Tabla 2]
|Col1|Recomendaciones|Col3|Col4|Nivel/|Col6|
|---|---|---|---|---|---|
|<br>|<br>evaluación de la TA, generalmente se realizan evaluaciones de riesgo de|<br>evaluación de la TA, generalmente se realizan evaluaciones de riesgo de|<br>evaluación de la TA, generalmente se realizan evaluaciones de riesgo de|<br>evaluación de la TA, generalmente se realizan evaluaciones de riesgo de|<br>evaluación de la TA, generalmente se realizan evaluaciones de riesgo de|
|<br>|enfermedad CV y pruebas de detección de rutina.|enfermedad CV y pruebas de detección de rutina.|enfermedad CV y pruebas de detección de rutina.|enfermedad CV y pruebas de detección de rutina.|enfermedad CV y pruebas de detección de rutina.|","gpc_hta192019.pdf","12. Evidencias y recomendaciones","2","2","","Calibracion medica inicial estandarizada"
"GT-0101","03_cardiovascular_metabolico","guia_prevencion_diagnostico_tratamiento_enfermedad_renal_cronica_2018.pdf","triplet_v2_01161_neg","hard_negative_plausible","¿Qué esquema terapéutico de primera línea, dosificación y monitoreo normado establece el MSP para 3 Prevención secundaria y progresión de la ERC - Esquema y Criterios Normados (N18.9)?","14.3 Tratamiento de la TB

El esquema de tratamiento no está basado en la localización de la enfermedad (pulmonar o extrapulmonar). Para la asignación del esquema se debe consultar y registrar el historial farmacológico y tiempo del tratamiento previo si fuera el caso.

Los esquemas de tratamiento se dividen en dos grupos TB sensible y TB resistente y deben ser administrados de acuerdo al peso corporal del paciente. Adicionalmente debe ser directamente observado en el 100% de los casos y dosis. (71)

14.3.1 Esquemas para casos con TB sensible

Se utiliza una combinación de cuatro fármacos de primera línea antituberculosis:

Tabla 4. Esquemas de tratamiento para casos de TB sensible

Isoniacida (H), Rifampicina (R), Pirazinamida (Z) y Etambutol (E)

Tabla 5. Recomendaciones de dosis por kg de peso para el tratamiento TB

sensible en adultos con drogas de primera línea","Hard Negative Inter-Eje","14.3 Prevención secundaria y progresión de la ERC","0","0","","Calibracion medica inicial estandarizada"
"GT-0102","02_respiratorio_pediatrico","GPC_neumonía-adquirida_2017.pdf","triplet_v2_00617_neg","hard_negative_plausible","¿Cuáles son los signos de alarma, criterios de severidad y algoritmo de derivación en Evidencias y recomendaciones - Esquema y Criterios Normados según la normativa nacional?","Subpreguntas

• ¿Cuáles son los criterios para analizar la dinámica  familiar antes de determinar un plan de apoyo? • ¿Qué información de apoyo es eficaz para el acceso al acompañamiento de la familia y cuidadores del paciente con diagnóstico de TEA? • ¿Cuáles son los principales problemas asociados con la atención a las familias y cuidadores del paciente con diagnóstico de TEA?

13.7 Criterios de referencia y contrarreferencia

14. Monitoreo de calidad

El equipo de mejoramiento continuo de la calidad debe aplicar el Manual de estándares, indicadores e instrumentos para medir la calidad de la atención.","Hard Negative Inter-Eje","13. Evidencias y recomendaciones","0","0","","Calibracion medica inicial estandarizada"
"GT-0103","03_cardiovascular_metabolico","gpc_hta192019.pdf","triplet_v2_00967","positive_direct","¿Qué esquema terapéutico de primera línea, dosificación y monitoreo normado establece el MSP para Evidencias y recomendaciones - Esquema y Criterios Normados (I10)?","[Tabla 1]
|Col1|Recomendación|Col3|Col4|Nivel/|Col6|
|---|---|---|---|---|---|
|<br> <br>|efectiva en la reducción de las disparidades socio-económicas y ambientales.(49,52)|efectiva en la reducción de las disparidades socio-económicas y ambientales.(49,52)|efectiva en la reducción de las disparidades socio-económicas y ambientales.(49,52)|efectiva en la reducción de las disparidades socio-económicas y ambientales.(49,52)|efectiva en la reducción de las disparidades socio-económicas y ambientales.(49,52)|
|<br> <br> <br> <br> <br> <br> <br> <br>|Indagar factores de riesgo psicosocial en todos los pacientes. En caso de que haya|<br> <br> <br> <br> <br> <br> <br>|<br> <br> <br> <br> <br> <br> <br>|<br> <br> <br> <br> <br> <br> <br>|<br> <br> <br> <br> <br> <br> <br>|
|<br> <br> <br> <br> <br> <br> <br> <br>|indicios de bajo nivel educativo, estrés laboral y económico, aislamiento social, depresión,|indicios de bajo nivel educativo, estrés laboral y económico, aislamiento social, depresión,|indicios de bajo nivel educativo, estrés laboral y económico, aislamiento social, depresión,|indicios de bajo nivel educativo, estrés laboral y económico, aislamiento social, depresión,|indicios de bajo nivel educativo, estrés laboral y económico, aislamiento social, depresión,|","gpc_hta192019.pdf","12. Evidencias y recomendaciones","2","2","","Calibracion medica inicial estandarizada"
"GT-0104","01_urgencias_obstetricas","GPC_atencion_parto_por_cesarea_2015.pdf","triplet_v2_00383","positive_direct","¿Cuáles son los signos de alarma, criterios de severidad y algoritmo de derivación en Abreviaturas según la normativa nacional?","11. Abreviaturas

AGREE II Appraisal of Guidelines Research and Evaluation CIE-10 Clasificación Internacional de Enfermedades CNMB Cuadro Nacional de Medicamentos Básicos DNEAIS Dirección Nacional de Estadística y Análisis de la Información-MSP GPC

Guía de Práctica Clínica. HSV

(por sus siglas en inglés, Herpes Simplex Virus), Virus del Herpes Simple MAIS

Modelo de Atención Integral de Salud MSP

Ministerio de Salud Pública OMS

Organización Mundial de la Salud RCOG-NICE Royal College of Obstetricinas and Gynaecologists. National

Institute for Health and Care Excellence. RM

Resonancia Magnética RN

Recién Nacido. UNFPA Fondo de Población de Naciones Unidas VIH

Virus de la Inmunodeficiencia Humana

12. Referencias

1.	 Brouwers M, Browman G, Burgers J, et al. Guideline Adaptation: A Resourse Toolkit. In

ADAPTE.: Guideline International Network; 2010. p. 1-95.

2.	 Ali M, Assel K, Bertherat E, al e. Estadísticas Sanitaria Mundiales Ginebra: OMS; 2010.

3.	 Jaramillo G, Jimbo R, Flores C, al e. Evaluación de tecnología sanitarias. Boletín ETES.

Nº 004. Boletín. Quito: Ministerio de Salud Pública, Coordinación General De Dedarrollo Estratégico en salud; 2015.

4.	 Organización Mundial de la Salud. Declaración de la OMS sobre tasas de cesárea. In

Resúmen ejecutivo; 2015; Ginebra, Suiza. p. 1-8.

5.	 Abalos E. écnicas y materiales alternativos para cesárea: Comentario de la BSR.

OMS. 2009 Abril. Disponible es: http://apps.who.int/rhl/pregnancy_childbirth/childbirth/ caesarean/CD004663_abalose_com/es/.

7.	 Ministerio de Salud Pública. Manual del Modelo de Atención Integral de Salud-MAIS

Ecuador: Red Pública Integral de Salud; 2013.

8.	 AGREE Next Steps Consortium. The AGREE II Instrument. [Online].; 2009 [cited 2014","GPC_atencion_parto_por_cesarea_2015.pdf","11. Abreviaturas","2","2","","Calibracion medica inicial estandarizada"
"GT-0105","04_soporte_cronicos_salud_mental","gpc_VIH_acuerdo_ministerial05-07-2019.pdf","triplet_v2_01399","positive_direct","¿Cuáles son los criterios clínicos, diagnóstico y conducta médica recomendada para Pérdida de peso - Esquema y Criterios Normados según la GPC de Guia de Practica Clinica: Atencion Integral de Adultos y Adolescentes con Infeccion por VIH del MSP Ecuador?","[Tabla 1]
|Preferente|Col2|Col3|2 ITIAN+IP|Col5|Col6|ABC + 3TC + LPV/r|Col8|ABC: Solución oral: 8 mg/kg (máximo|Col10|
|---|---|---|---|---|---|---|---|---|---|
|**Preferente**|**Preferente**|**Preferente**|2 ITIAN+IP|2 ITIAN+IP|2 ITIAN+IP|ABC + 3TC +<br>ATZ/r6|**ATZ/r:**una dosis vía oral diaria.<br><15kg: 200/80mg<br>15 a <35kg: 200/100mg<br>>35kg: 300/100mg|15 a <35kg: 200/100mg|15 a <35kg: 200/100mg|
|**Preferente**|**Preferente**|**Preferente**|2 ITIAN+IP|2 ITIAN+IP|2 ITIAN+IP|ABC + 3TC +<br>ATZ/r6|**ATZ/r:**una dosis vía oral diaria.<br><15kg: 200/80mg<br>15 a <35kg: 200/100mg<br>>35kg: 300/100mg|<br>>35kg: 300/100mg|<br>>35kg: 300/100mg|
|**Preferente**|**Preferente**|**Preferente**|2 ITIAN+INI|2 ITIAN+INI|2 ITIAN+INI|ABC + 3TC + DTG7||**DTG:** peso ≥ 25 kg; 50 mg/día vía||
|**Preferente**|**Preferente**|**Preferente**|2 ITIAN+INI|2 ITIAN+INI|2 ITIAN+INI|ABC + 3TC + DTG7||oral diaria.|oral diaria.|","gpc_VIH_acuerdo_ministerial05-07-2019.pdf","5. Pérdida de peso","2","2","","Calibracion medica inicial estandarizada"
"GT-0106","03_cardiovascular_metabolico","guia_prevencion_diagnostico_tratamiento_enfermedad_renal_cronica_2018.pdf","triplet_v2_01010","positive_direct","¿Cuáles son los criterios clínicos, diagnóstico y conducta médica recomendada para 3 Prevención secundaria y progresión de la ERC - Esquema y Criterios Normados según la GPC de Guia de Practica Clinica: Enfermedad Renal Cronica del MSP Ecuador?","[Tabla 2]
|Col1|Recomendaciones para tratamiento específico de enfermedad ósea-|Col3|Col4|Col5|Col6|
|---|---|---|---|---|---|
||**E-1c**||<br> <br>|En pacientes con ERC G3-G5, se recomienda que las concentraciones|<br>|
||**E-1c**||<br> <br>|séricas de calcio (ionizado o total corregido) se mantengan dentro del|séricas de calcio (ionizado o total corregido) se mantengan dentro del|
||**R-A**|**R-A**|**R-A**|**R-A**|**R-A**|
||**R-A**|**R-A**|**R-A**|rango normal para el método utilizado.(9,45,387–392)|rango normal para el método utilizado.(9,45,387–392)|
|||||||
|||||||
|||||||
||**E-1c**||<br> <br>|Se recomienda restringir la ingesta de fosfato entre 0,8 a 1 g/día en|<br>|
||**E-1c**||<br> <br>|pacientes con ERC, la cual debe estar complementada con un|pacientes con ERC, la cual debe estar complementada con un|
||**R-A**|**R-A**|**R-A**|**R-A**|**R-A**|
||**R-A**|**R-A**|**R-A**|seguimiento nutricional adecuado.(9,45,387–392)|seguimiento nutricional adecuado.(9,45,387–392)|
|||||||
||**E-1b**|||||","guia_prevencion_diagnostico_tratamiento_enfermedad_renal_cronica_2018.pdf","14.3 Prevención secundaria y progresión de la ERC","2","2","","Calibracion medica inicial estandarizada"
"GT-0107","04_soporte_cronicos_salud_mental","gpc_VIH_acuerdo_ministerial05-07-2019.pdf","triplet_v2_01395_neg","hard_negative_plausible","¿Cuáles son los criterios clínicos, diagnóstico y conducta médica recomendada para Pérdida de peso - Esquema y Criterios Normados según la GPC de Guia de Practica Clinica: Atencion Integral de Adultos y Adolescentes con Infeccion por VIH del MSP Ecuador?","Clasificación CIE-10

E75.2	 Enfermedad de Gaucher

Código internacional OMIM

OMIM #: 230800 Gaucher tipo I, Gene map locus 1q21

Justificación

La intervención temprana, así como el manejo integral e interdisciplinario sistematizado de esta patología, permitirá su diagnóstico precoz, tratamiento oportuno y seguimiento adecuado, mejorando la calidad de vida de los pacientes. Esta GPC conforma un conjunto de recomendaciones desarrolladas de manera sistemática y con sustento en el mayor nivel de evidencia científica disponible, cuyo propósito es optimizar y estandarizar el manejo, mejorar el uso de recursos, y los mecanismos de referencia y contrarreferencia de los pacientes con Enfermedad de Gaucher tipo 1.

Propósito de esta GPC

Esta GPC forma parte de las guías que desarrolla la Dirección Nacional de Normatización del MSP, y la Subsecretaría de Gobernanza de la Salud Pública.

La finalidad de esta GPC es establecer un referente nacional para orientar la toma de decisiones clínicas basadas en recomendaciones sustentadas en la mejor evidencia disponible.","Hard Negative Intra-Eje","5. Pérdida de peso","0","0","","Calibracion medica inicial estandarizada"
"GT-0108","02_respiratorio_pediatrico","GPC-Recén-nacido-prematuro.pdf","gpc_GPC-Recén-nacido-prematuro_chunk_0065","contextual_neutral","¿Cuál es el protocolo normativo y esquema terapéutico para Diagnóstico, Signos de Gravedad y Tratamiento de Neumonía Pediátrica (Neumonía no especificada) según la GPC oficial del MSP Ecuador?","31. Choque séptico 80

[Tabla 1]
|Si se sospecha falla cardíaca o se la ha demostrado, añadir dobutamina a dosis<br>de 5-10 mcg/kg/min. Si un RN no responde a dosis de 20mcg/kg/min, aumentar<br>la dosis no es más eficaz, considere el uso de otras drogas vasoactivas en la<br>UCIN en hospital de tercer nivel.|R-D|
|---|---|
|Si no mejoran presiones, dopamina de 5 a 12 mcg/kg/minutoa goteo continuo.<br>Las dosis altas pueden producir vasoconstricción, aumentando los problemas<br>porpobre aporte de oxígeno.|R-D|
|Solución de bicarbonato de sodio (0,5 mEq/mL) 1 a 2 mEq/Kg/dosis (igual a 2 a 4<br>mL/kg/dosis) durante 30 a 60 minutos IV para la acidosis metabólica (considere si<br>pH menor a 7,20) y verifcar que el paciente se encuentre ventilado efcazmente.<br>Puede ser dado más rápidamente si el paciente está en_shock_ grave. Se debe<br>tener el mismo cuidadopor reperfusión mencionado anteriormente.|R-D|
|La respuesta puede variar en el caso de los RN; por eso, la vigilancia intensiva<br>es necesariapara valorar la respuesta de cadapaciente.|R-D|
|Supervise la presión arterial y la frecuencia cardíaca cada dos minutos por<br>15 minutos y entonces cada cinco minutos dependiendo de la respuesta a la<br>medicación.|R-D|
|Mantenga los niveles de calcio en límites normales.|R-D|","Guia de Practica Clinica: Atencion del Recien Nacido Prematuro","39","0","0","","Calibracion medica inicial estandarizada"
"GT-0109","01_urgencias_obstetricas","gpc_guia_aborto_espontaneo_incompleto_19_feb_2014.pdf","gpc_gpc_guia_aborto_espontaneo_incompleto_19_feb_2014_chunk_0027","contextual_neutral","¿Cuáles son los signos de alarma, criterios de severidad y algoritmo de derivación en Publicación y actualización reciente (2010-2016). - Esquema y Criterios Normados según la normativa nacional?","[Tabla 1]
|Se ha administrado el misoprostol para el aborto incompleto por vía vaginal, oral y<br>sublingual.14, 27, 28, 29 Distintos estudios han demostrado la muy elevada eficacia (mayor de<br>90%) y aceptabilidad de la vía oral.13- 16, 18 Dicha vía de administración es efectiva, sencilla<br>y aceptable tanto para mujeres como para proveedores. Por otra parte, se ha demostrado<br>recientemente que la efectividad de la dosis sublingual es igual a la de la dosis oral a pesar<br>de ser menor.14 En la administración sublingual, la mujer retiene las pastillas debajo de la<br>lengua durante unos 30 minutos y traga con agua los fragmentos restantes.|E-1a|
|---|---|
|Se recomienda realizar tratamiento farmacológico en pacientes con menos de 10 semanas<br>degestación con aborto incompleto o aborto diferido.|R-A|
|Se debe informar a la paciente de los efectos adversos del medicamento como son:<br>dolor y sangrado trasvaginal, náusea, vómito, diarrea y febre, para evitarle ansiedad<br>y preocupación se debe informar que son de corta duración y no traen consecuencias<br>graves.<br>|R-B|
|Se considera sangrado excesivo cuando la paciente refere cambio de toallas sanitarias<br>saturadas de sangre en un tiempo menor a una hora y durante un periodo consecutivo de<br>dos horas.|R-B|
|En casos de mujeres con aborto y cesárea previas, el uso de misoprostol debe ser<br>administrado en dosis bajas.|E-1 a|","Guia de Practica Clinica: Manejo del Aborto Espontaneo e Incompleto","23","0","0","","Calibracion medica inicial estandarizada"
"GT-0110","03_cardiovascular_metabolico","gpc_hta192019.pdf","triplet_v2_01121","positive_direct","¿Qué esquema terapéutico de primera línea, dosificación y monitoreo normado establece el MSP para Evidencias y recomendaciones - Esquema y Criterios Normados (I10)?","[Tabla 1]
|Col1|Recomendación|Col3|Col4|Nivel/|Col6|
|---|---|---|---|---|---|
|<br> <br> <br> <br> <br> <br> <br> <br>|<br>riesgo de enfermedad CV o con enfermedad CV establecida.(50)|<br>riesgo de enfermedad CV o con enfermedad CV establecida.(50)|<br>riesgo de enfermedad CV o con enfermedad CV establecida.(50)|<br>riesgo de enfermedad CV o con enfermedad CV establecida.(50)|<br>riesgo de enfermedad CV o con enfermedad CV establecida.(50)|
|<br>|La evaluación del factor de riesgo psicosocial debe ser realizada por el equipo de salud|||**√**||
|<br>|mental en el primer nivel de atención.|mental en el primer nivel de atención.|mental en el primer nivel de atención.|mental en el primer nivel de atención.|mental en el primer nivel de atención.|","gpc_hta192019.pdf","12. Evidencias y recomendaciones","2","2","","Calibracion medica inicial estandarizada"
"GT-0111","02_respiratorio_pediatrico","GP_Tuberculosis-1.pdf","triplet_v2_00480_neg","hard_negative_plausible","Describa el protocolo de manejo clínico inmediato y contraindicaciones normadas en 3 Tratamiento de la TB - Esquema y Criterios Normados según la GPC oficial del Ecuador.","[Tabla 1]
| Indicador / Criterio Clínico | Descripción Normativa |
|---|---|
| »» Proceder a atender el parto en libre posición para la mujer y con enfoque de derecho humano e intercultural, según GPC del parto. »» Canalizar vía venosa empleando solución salina al 0.9% Ringer Lactato »» Preeclampsia/eclampsia: Manejo de emergencia (p. 42) »» RPM: ver manejo de emergencia (p. 42) »» Prever alta probabilidad de Reanimación Neonatal (p.45) »» Prever referir en postparto inmediato a la madre y RN. - Pt.3 | ¿Edema en cara, manos y<br>pies?<br>•<br>Presencia de hemorragia<br>vaginal<br>**Clasifcar** |","Hard Negative Inter-Eje","14.3 Tratamiento de la TB","1","1","","Calibracion medica inicial estandarizada"
"GT-0112","03_cardiovascular_metabolico","guia_prevencion_diagnostico_tratamiento_enfermedad_renal_cronica_2018.pdf","triplet_v2_01199_neg","hard_negative_plausible","¿Cuáles son los criterios clínicos, diagnóstico y conducta médica recomendada para 3 Prevención secundaria y progresión de la ERC - Esquema y Criterios Normados según la GPC de Guia de Practica Clinica: Enfermedad Renal Cronica del MSP Ecuador?","Tratamiento

28. ¿Cuáles son las opciones de tratamiento para pacientes con ERC? 29. ¿Cuáles son las recomendaciones para inicio de la terapia de sustitución renal en pacientes con enfermedad renal crónica avanzada (ERCA)? 30. ¿Cuáles son las recomendaciones para no iniciar o suspender la terapia de sustitución renal en pacientes con ERCA?

Referencia y contrarreferencia

31. ¿Cuáles son los criterios de referencia al nefrólogo en pacientes con enfermedad renal crónica? 32. ¿Cuáles son las consecuencias de una referencia tardía al especialista?","Hard Negative Intra-Eje","14.3 Prevención secundaria y progresión de la ERC","0","0","","Calibracion medica inicial estandarizada"
"GT-0113","02_respiratorio_pediatrico","GPC-RECIEN-NACIDO-CON-DIFICULTAD-PARA-RESPIRAR.pdf","triplet_v2_00722","positive_direct","¿Cuáles son los criterios clínicos, diagnóstico y conducta médica recomendada para Anexos - Esquema y Criterios Normados según la GPC de Guia de Practica Clinica: Recien Nacido con Dificultad para Respirar (SDR Neonatal) del MSP Ecuador?","[Tabla 2]
|Edad gestacional<br>corregida<br>(semanas)|Edad post-natal<br>(días)|Dosis (mg/<br>Kg)|Intervalo<br>(horas)|
|---|---|---|---|
|**Menor de 29**|0 a 8|5|48|
|**Menor de 29**|8 a 28|4|36|
|**Menor de 29**|Mayor a 29|4|24|
|**30 a 34**|0 a 7|4,5|36|
|**30 a 34**|Mayor a 8|4|24|
|**Mayor a 35**|Cualquiera|4|24|","GPC-RECIEN-NACIDO-CON-DIFICULTAD-PARA-RESPIRAR.pdf","21. Anexos","2","2","","Calibracion medica inicial estandarizada"
"GT-0114","04_soporte_cronicos_salud_mental","gpc_VIH_acuerdo_ministerial05-07-2019.pdf","triplet_v2_01295_neg","hard_negative_plausible","¿Cuáles son los signos de alarma, criterios de severidad y algoritmo de derivación en Pérdida de peso - Esquema y Criterios Normados según la normativa nacional?","Subpreguntas

• ¿Cuáles son los criterios para analizar la dinámica  familiar antes de determinar un plan de apoyo? • ¿Qué información de apoyo es eficaz para el acceso al acompañamiento de la familia y cuidadores del paciente con diagnóstico de TEA? • ¿Cuáles son los principales problemas asociados con la atención a las familias y cuidadores del paciente con diagnóstico de TEA?

13.7 Criterios de referencia y contrarreferencia

14. Monitoreo de calidad

El equipo de mejoramiento continuo de la calidad debe aplicar el Manual de estándares, indicadores e instrumentos para medir la calidad de la atención.","Hard Negative Intra-Eje","5. Pérdida de peso","0","0","","Calibracion medica inicial estandarizada"
"GT-0115","01_urgencias_obstetricas","GPC_ruptura_prematura_de_membranas_2015.pdf","gpc_GPC_ruptura_prematura_de_membranas_2015_chunk_0012","contextual_neutral","¿Cuáles son los criterios clínicos, diagnóstico y conducta médica recomendada para Hipertensión gestacional. - Esquema y Criterios Normados según la GPC de Guia de Practica Clinica: Trastornos Hipertensivos del Embarazo del MSP Ecuador?","El GAG estableció una secuencia estandarizada para la búsqueda de guías de práctica clínica, a partir de las preguntas formuladas en las siguientes bases de datos seleccionadas: Fisterra, Guidelines International Networks, National Guideline Clearinghouse, National Institute for Health og Clinical Excellence, New Zealand Clinical Guidelines Group, Primary Care Clinical Practice Guidelines y Scottish Intercollegiate Guidelines Network. También realizó un proceso específico de búsqueda en Medline-Pubmed, Tripdatbase, Cochrane Library.

El GAG seleccionó como material de partida guías de práctica clínica con los siguientes criterios: 1) En idioma inglés y español. 2) Metodología de medicina basada en evidencias (metaanálisis, revisiones sistemáticas y ensayos clínicos controlados). 3) Consistencia y claridad en las recomendaciones. 4) Publicación y actualización reciente (2009-2014).

Se encontraron 284 documentos obtenidos a través de búsquedas en bases de datos y 36 documentos identificados a través de otros recursos como sitios y documentos de soporte para el proceso de adaptación (Google), en total 320 registros, de los cuales fueron elegidas cinco guías de ruptura prematura de membranas seleccionadas para ser calificadas con el instrumento AGREE II16 y que representan la base para la construcción de la presente guía (ver anexo 1).

9. Evidencias y grados de recomendaciones

En este documento, el lector encontrará, al margen derecho de las páginas, la calidad de la evidencia y/o el grado de fuerza de las diferentes recomendaciones presentadas.

Las recomendaciones se encuentran sustentadas por evidencia calificada. Para la evidencia y recomendación se colocó la escala utilizada después del número o letra (ver anexo 2).

El símbolo ✓ representa un consejo de buena práctica clínica sobre el cual el grupo desarrollador de la guía concuerda. Por lo general, son aspectos prácticos sobre los que se quiere hacer énfasis y para los cuales probablemente no existe suficiente evidencia científica que los sustente. Estos aspectos de buena práctica clínica no son una alternativa a las recomendaciones basadas en la evidencia científica, sino que deben considerarse únicamente cuando no existe otra manera de destacar dicho aspecto.

Símbolos empleados en esta GPC

Punto de buena práctica ✓

10. Definiciones

APGAR: índice que permite una evaluación del estado de salud de un recién nacido a los pocos minutos de su nacimiento.2","Guia de Practica Clinica: Ruptura Prematura de Membranas Pretermino","16","0","0","","Calibracion medica inicial estandarizada"
"GT-0116","04_soporte_cronicos_salud_mental","61069_MSP_Guía_DEPRESION_20180228_D.pdf","gpc_61069_MSP_Guía_DEPRESION_20180228_D_chunk_0206","contextual_neutral","¿Cuáles son los criterios clínicos, diagnóstico y conducta médica recomendada para Anuria <300 ml/d - Esquema y Criterios Normados según la GPC de Guia de Practica Clinica: Cuidados Paliativos del MSP Ecuador?","[Tabla 1]
|Precauciones|-- En personas con genotipo HLA-B*1502 positivo, con ancestros de<br>origen asiático, aumenta el riesgo de síndrome de Steven Johnson y<br>necrólisis tóxica epidérmica.<br>-- La presencia del alelo HLA-A*3101 se asocia con reacciones de<br>hipersensibilidad inducida por carbamazepina, entre personas con<br>ancestros noreuropeos.<br>-- Riesgo significativo de anemia aplásica y agranulocitosis.<br>-- Descontinuar si se presenta depresión medular.<br>-- Potencial comportamiento suicida reportado por la FDA.<br>-- Retirar el medicamento gradualmente.<br>-- Puede exacerbar las convulsiones.<br>-- Disminuye el efecto de los anticonceptivos, se recomienda usar<br>contracepción adicional.<br>-- Puede ocasionar hiponatremia, especialmente en adultos mayores.<br>-- No debe ser usado como analgésico, no usar para molestias leves.<br>-- Pacientes con alteraciones hematológicas.<br>-- Convulsiones atónicas, mioclónicas o episodios de ausencia.<br>-- Insuficientes renales o hepáticos.<br>-- Enfermedades cardiovasculares, en alteraciones de la conductancia<br>cardíaca.<br>-- Riesgo incrementado de producir arritmias.<br>-- En pacientes con lupus eritematoso sistémico.<br>-- En depresión del SNC.<br>-- En uso frecuente de alcohol.<br>-- Precaución al conducir o manejar maquinarias o al realizar trabajos<br>que requieran atención y coordinación.|
|---|---|
| -- En personas con genotipo HLA-B*1502 positivo, con ancestros de<br>origen asiático, aumenta el riesgo de síndrome de Steven Johnson y<br>necrólisis tóxica epidérmica.<br>-- La presencia del alelo HLA-A*3101 se asocia con reacciones de<br>hipersensibilidad inducida por carbamazepina, entre personas con<br>ancestros noreuropeos.<br>-- Riesgo significativo de anemia aplásica y agranulocitosis.<br>-- Descontinuar si se presenta depresión medular.<br>-- Potencial comportamiento suicida reportado por la FDA.<br>-- Retirar el medicamento gradualmente.<br>-- Puede exacerbar las convulsiones.<br>-- Disminuye el efecto de los anticonceptivos, se recomienda usar<br>contracepción adicional.<br>-- Puede ocasionar hiponatremia, especialmente en adultos mayores.<br>-- No debe ser usado como analgésico, no usar para molestias leves.<br>-- Pacientes con alteraciones hematológicas.<br>-- Convulsiones atónicas, mioclónicas o episodios de ausencia.<br>-- Insuficientes renales o hepáticos.<br>-- Enfermedades cardiovasculares, en alteraciones de la conductancia<br>cardíaca.<br>-- Riesgo incrementado de producir arritmias.<br>-- En pacientes con lupus eritematoso sistémico.<br>-- En depresión del SNC.<br>-- En uso frecuente de alcohol.<br>-- Precaución al conducir o manejar maquinarias o al realizar trabajos<br>que requieran atención y coordinación. - Pt.2 | aguda, oliguria con elevación de la presión sanguínea, azoemia, insufciencia<br>renal, impotencia.<br>**Raros:** adenopatías, polineuropatías, movimientos involuntarios, pancreatitis,<br>constipación, estreñimiento, estomatitis,glositis, fotosensibilidad, impotencia. |","Guia de Practica Clinica: Trastorno Depresivo Grave en el Adulto","115","0","0","","Calibracion medica inicial estandarizada"
"GT-0117","01_urgencias_obstetricas","GPC_anomalias_de_insercion_placentaria_2017.pdf","triplet_v2_00176_neg","hard_negative_plausible","¿Cuáles son los signos de alarma, criterios de severidad y algoritmo de derivación en Publicación y actualización reciente (2010-2016). - Esquema y Criterios Normados según la normativa nacional?","El equipo de trabajo seleccionó como material de partida guías de práctica clínica con los siguientes criterios de inclusión:

1.	 Idioma inglés, español y portugués.

2.	 Metodología de medicina basada en evidencias (meta-análisis, revisiones sistemáticas

y ensayos clínicos controlados).

3.	 Consistencia y claridad en las recomendaciones.

4.	 Publicación y actualización reciente (2010-2016).

Se encontraron 155 documentos obtenidos a través de búsquedas en bases de datos y 4 documentos identificados a través de otros recursos como sitios y documentos de soporte para el proceso de adaptación, en total 159 registros. De estos, se excluyeron 6 duplicados, 139 textos incompletos y 7 por la baja calidad metodológica. El total de 4 guías de hemofilia fueron calificadas con el instrumento AGREE II. (20) Producto de este proceso resultó el siguiente documento para ser adaptado (ver anexo 1):

• Federación Mundial de Hemofilia. Guías para el tratamiento de la hemofilia. Segunda Edición; Montreal; 2012. (2)

12.  Gradación de la evidencia y símbolos utilizados

En esta guía de práctica clínica para el nivel de evidencia y la fuerza de las recomendaciones se utilizó la escala de Oxford, y para algunas recomendaciones se mantuvo la escala de gradación GRADE del documento original (tablas 4, 5 y 6).

Tabla 4. Escala de gradación de evidencia de Oxford","Hard Negative Inter-Eje","4.	 Publicación y actualización reciente (2010-2016).","0","0","","Calibracion medica inicial estandarizada"
"GT-0118","04_soporte_cronicos_salud_mental","Guía-fibrosis-quística.pdf","triplet_v2_01595","positive_direct","¿Qué esquema terapéutico de primera línea, dosificación y monitoreo normado establece el MSP para IV. Historia natural y pronóstico - Análisis de los diferentes protocolos de tamizaje neonatal (E84)?","En los niños en edad preescolar y escolar, los síntomas respiratorios se presentan como infecciones respiratorias recurrentes, tos crónica productiva con expectoración purulenta o como asma bronquial de evolución tórpida. A esto se asocia frecuentemente fatiga, anorexia y pérdida de peso; a ello se suma la insuficiencia pancreática exocrina y la desnutrición asociada a esta, lo que compromete más el estado general del paciente. 7

Conforme van creciendo, la mayoría de los pacientes presentan neumonías a repetición o bronquitis crónica progresiva, con el desarrollo de bronquiectasias, misma que evoluciona a insuficiencia respiratoria crónica no reversible y muerte prematura si no se diagnostica y trata oportunamente.

El pronóstico del paciente con FQ, quien lleva un tratamiento integral adecuado y continuo sumado a un manejo interdisciplinario, llega a tener una excelente expectativa de vida, con autonomía y calidad, insertándose a la sociedad como un sujeto productivo.

V. Prevención y tamizaje

El mayor conocimiento de los principios moleculares de la enfermedad ha permitido el desarrollo de nuevos métodos diagnósticos que actualmente facilitan realizar una determinación más temprana de los pacientes con FQ. Las alternativas que tenemos son:

1.	 Detección prenatal

2.	 Tamizaje neonatal

1. Detección prenatal

El estudio de las mutaciones del gen CFTR debe realizarse en los familiares de primer grado de los pacientes con FQ cuando se planteen la posibilidad de tener descendencia.

Se han propuesto dos tipos de cribaje que no son excluyentes entre sí: el secuencial y el de ambos miembros de la pareja a la vez. En el cribaje secuencial se analiza primero uno de la pareja, y si este es positivo, se analiza posteriormente al otro, lo que reduce el número de pruebas realizadas. 11

2.Tamizaje neonatal Consiste en tomar una muestra de sangre del talón del recién nacido y depositarla en un papel filtro, en el que se mide la concentración de la enzima Tripsina Inmunorreactiva (TIR) que está elevada en el paciente FQ. 8 La sensibilidad y especificidad de los diferentes protocolos son variables; en la tabla se listan los diferentes protocolos. 13

Tabla 1. Análisis de los diferentes protocolos de tamizaje neonatal","Guía-fibrosis-quística.pdf","IV. Historia natural y pronóstico","2","2","","Calibracion medica inicial estandarizada"
"GT-0119","01_urgencias_obstetricas","GPC_Atencion_del_trabajo_parto_posparto_y_parto_inmediato.pdf","triplet_v2_00049","positive_direct","¿Cuáles son los criterios clínicos, diagnóstico y conducta médica recomendada para Comprobar el bienestar materno inmediatamente antes de ser dada de alta en Área de Partos. - Esquema y Criterios Normados según la GPC de Guia de Practica Clinica: Atencion del Trabajo de Parto, Posparto y Parto Inmediato del MSP Ecuador?","[Tabla 1]
|Dosis|Ajustar dosis de acuerdo a la respuesta: contracciones, dilatación<br>Disminuir la infusión: una vez que se han conseguido contracciones<br>frecuentes y que la labor de parto avanza a 5-6 cm de dilatación.|
|---|---|
|**Efectos adversos**|**Frecuentes:** náusea, vómito, hipertonía uterina (madre). Trauma fetal.<br>Hiperbilirrubinemia en los neonatos.<br>**Poco frecuentes:** arritmias (madre y feto), bradicardia fetal, episodios<br>hipertensivos (madre), anaflaxia (madre), afbrinogenemia, hemorragia<br>posparto (madre). Embolismo de líquido amniótico (madre). Laceraciones<br>cervicales o vaginales (madre), convulsiones en el neonato, hemorragia de<br>retina (neonato), sufrimiento fetal agudo.<br>**Raros:** tetania uterina, ruptura uterina, abruptio placentae, intoxicación<br>hídrica, daño cerebral, hemorragia subaracnoidea (madre).|","GPC_Atencion_del_trabajo_parto_posparto_y_parto_inmediato.pdf","27.	 Comprobar el bienestar materno inmediatamente antes de ser dada de alta en Área de Partos.","2","2","","Calibracion medica inicial estandarizada"
"GT-0120","03_cardiovascular_metabolico","guia_prevencion_diagnostico_tratamiento_enfermedad_renal_cronica_2018.pdf","gpc_guia_prevencion_diagnostico_tratamiento_enfermedad_renal_cronica_2018_chunk_0414","contextual_neutral","¿Qué esquema terapéutico de primera línea, dosificación y monitoreo normado establece el MSP para 2 Sospecha y diagnóstico - Esquema y Criterios Normados (N18.9)?","[Tabla 1]
| Indicador / Criterio Clínico | Descripción Normativa |
|---|---|
| Col1 | **Clonidina**<br>0,3-1,2 mg/día<br>D<br>No ajustar<br>No ajustar<br>No ajustar |
| Paroxetina | **Clonidina**<br>0,3-1,2 mg/día<br>D<br>No ajustar<br>No ajustar<br>No ajustar |
| Col3 | **Clonidina**<br>0,3-1,2 mg/día<br>D<br>No ajustar<br>No ajustar<br>No ajustar |
| Col4 | **Clonidina**<br>0,3-1,2 mg/día<br>D<br>No ajustar<br>No ajustar<br>No ajustar |
| 20-50 mg/24h | **Clonidina**<br>0,3-1,2 mg/día<br>D<br>No ajustar<br>No ajustar<br>No ajustar |
| Col6 | **Clonidina**<br>0,3-1,2 mg/día<br>D<br>No ajustar<br>No ajustar<br>No ajustar |
| Col7 | **Clonidina**<br>0,3-1,2 mg/día<br>D<br>No ajustar<br>No ajustar<br>No ajustar |
| D | **Clonidina**<br>0,3-1,2 mg/día<br>D<br>No ajustar<br>No ajustar<br>No ajustar |
| Col9 | **Clonidina**<br>0,3-1,2 mg/día<br>D<br>No ajustar<br>No ajustar<br>No ajustar |","Guia de Practica Clinica: Enfermedad Renal Cronica","99","0","0","","Calibracion medica inicial estandarizada"
"GT-0121","02_respiratorio_pediatrico","Alimentacion_y_nutricion_de_la_mujer_gestante_y_la_madre_en_periodo_de_lactancia.pdf","triplet_v2_00810","positive_direct","¿Qué esquema terapéutico de primera línea, dosificación y monitoreo normado establece el MSP para Desarrollo - Niveles de hemoglobina para diagnosticar anemia (Z39.1)?","Fuente: WHO. Hemoglobin concentrations for the diagnosis of anemia and assessment of severity. 2011 Pavord. S. UK Guidelines on the management of iron deficiency in pregnancy. London 2012. Elaboración: autores

Tabla 10. Niveles de hemoglobina para diagnosticar anemia

a nivel del mar

Fuente: WHO. Hemoglobin concentrations for the diagnosis of anemia and assessment of severity. 2011 Elaboración: autores

¿Hay que ajustar los valores de hemoglobina considerando la altitud a la que vive la embarazada?

Tabla   11. Ajuste de altitud para medir la concentración de hemoglobina

[Tabla 1]
|Condición en el embarazo|Hemoglobina g/dL|
|---|---|
|Primer trimestre|11|
|Segundo trimestre|10,5|
|Tercer trimestre|11|
|Posparto|10|","Alimentacion_y_nutricion_de_la_mujer_gestante_y_la_madre_en_periodo_de_lactancia.pdf","7.	 Desarrollo","2","1","","Calibracion medica inicial estandarizada"
"GT-0122","03_cardiovascular_metabolico","guia_prevencion_diagnostico_tratamiento_enfermedad_renal_cronica_2018.pdf","gpc_guia_prevencion_diagnostico_tratamiento_enfermedad_renal_cronica_2018_chunk_0046","contextual_neutral","¿Qué esquema terapéutico de primera línea, dosificación y monitoreo normado establece el MSP para 2 Sospecha y diagnóstico - Esquema y Criterios Normados (N18.9)?","[Tabla 1]
|Col1|Col2|Col3|Col4|Col5|Col6|
|---|---|---|---|---|---|
||||<br> <br>|Otros|Otros|
||||<br> <br>|||
||||<br> <br>|- <br>Condición socio-económica baja|- <br>Condición socio-económica baja|
||||<br> <br>|<br>- <br>Apnea obstructiva del sueño|<br>- <br>Apnea obstructiva del sueño|
||||<br> <br>|- <br>Enfermedad periodontal|- <br>Enfermedad periodontal|
||||<br> <br>|<br>- <br>Enfermedades hepáticas|<br>- <br>Enfermedades hepáticas|
|||||||
|||||||
||**R-B**|**R-B**|**R-B**|**R-B**|**R-B**|
|||||||
||||<br>|En personas con factores de riesgo para ERC, se recomienda establecer|<br> <br> <br>|
||||<br>|<br>una estrategia de tamizaje que incluya:|<br>una estrategia de tamizaje que incluya:|
|||||<br>- Historia clínica detallada (uso pasado y actual de medicamentos),|<br>- Historia clínica detallada (uso pasado y actual de medicamentos),|
|||||incluyendo ambiente laboral;|incluyendo ambiente laboral;|
|||||||","Guia de Practica Clinica: Enfermedad Renal Cronica","26","0","0","","Calibracion medica inicial estandarizada"
"GT-0123","01_urgencias_obstetricas","GPC_anomalias_de_insercion_placentaria_2017.pdf","triplet_v2_00369","positive_direct","¿Qué intervenciones farmacológicas y no farmacológicas de grado A/B están normadas por el MSP en Publicación y actualización reciente (2010-2016). para Guia de Practica Clinica: Diagnostico y Tratamiento de las Anomalias de Insercion Placentaria y Vasos Previos?","Flujograma  de manejo de placenta previa

ECOGRAFÍA ABDOMINAL 18-24 SEMANAS

LOCALIZACIÓN PLACENTARIA

SOSPECHA DE PLACENTA PREVIA

SEGUIMIENTO ECOGRÁFICO REALIZAR CONFIRMACIÓN DEL DIAGNÓSTICO CON ECOGRAFÍA TRANSVAGINAL A LAS 35-36 SEMANAS

TRATAMIENTO CONSERVADOR: • ESTABILIDAD HEMODINÁMICA • MADURACIÓN PULMONAR • TOCOLISIS • VALORACIÓN DEL BIENESTAR FETAL

SINTOMÁTICA

PLACENTA

ASINTOMÁTICA

PREVIA

BORDE PLACENTARIO

INFERIOR A MENOS

ESTABILIDAD HEMODINÁMICA

DE 2 CM DEL OCI

NO SÍ

MATERNA

CESÁREA PREVIO CONSENTIMIENTO INFORMADO

EN INSTITUCIÓN QUE CUENTE CON MEDICINA TRANSFUCIONAL

NO SÍ

BIENESTAR

FETAL

EQUIPO MULTIDISCIPLINARIO

MADUREZ

SÍ NO

FETAL

Elaboración propia

Anexo 3. Medicamentos avalados en esta guía

Betametasona","GPC_anomalias_de_insercion_placentaria_2017.pdf","4.	 Publicación y actualización reciente (2010-2016).","2","2","","Calibracion medica inicial estandarizada"
"GT-0124","04_soporte_cronicos_salud_mental","Guía-fibrosis-quística.pdf","triplet_v2_01682","positive_direct","¿Qué intervenciones farmacológicas y no farmacológicas de grado A/B están normadas por el MSP en VI. Diagnóstico para Guia de Practica Clinica: Fibrosis Quistica y Manual de Procedimientos?","Preescolares

Tos crónica con o sin expectoración purulenta, sin respuesta a tratamiento Sibilancias crónicas recurrentes inexplicadas sin respuesta a tratamiento Incremento deficiente de peso y talla Dolor abdominal recurrente Prolapso rectal Invaginación intestinal Diarrea crónica Hipocratismo digital Hiponatremia e hipocloremia crónicas Hepatomegalia o enfermedad hepática inexplicada Pólipos nasales

Escolares

Síntomas respiratorios crónicos inexplicados Pseudomonas aeruginosa en secreción bronquial Sinusitis crónica, poliposis nasal Bronquiectasias Diarrea crónica Síndrome de obstrucción intestinal distal Pancreatitis Prolapso rectal, hepatomegalia

Adolescentes y adultos

Enfermedad pulmonar supurativa crónica e inexplicada Hipocratismo digital Dolor abdominal recurrente Pancreatitis Síndrome de obstrucción intestinal distal Cirrosis hepática e hipertensión portal Retardo del crecimiento Esterilidad masculina con azoospermia obstructiva Disminución de la fertilidad en mujeres

Dentro de las técnicas diagnósticas para FQ se describen:

1.	 Test de sudor

2.	 Estudio molecular

3.	 Diferencia del potencial nasal transepitelial (DPNT)

1. Test de sudor

Este examen debe ser solicitado frente a la sospecha clínica y después del primer mes de vida del paciente, los criterios para derivar pacientes para la realización del test de sudor son los que se listan en la Tabla 2; sin embargo, haremos énfasis en los criterios de derivación para los pacientes en edad pediátrica desde los distintos niveles de atención:","Guía-fibrosis-quística.pdf","VI. Diagnóstico","2","2","","Calibracion medica inicial estandarizada"
"GT-0125","02_respiratorio_pediatrico","GPC_tuberculosis_2016.pdf","triplet_v2_00556_neg","hard_negative_plausible","¿Qué esquema terapéutico de primera línea, dosificación y monitoreo normado establece el MSP para Efectos adversos de las drogas antituberculosis de - Esquema y Criterios Normados (A15.0)?","Reacciones adversas a los medicamentos (RAM)

Los afectados con TB en su mayor parte terminan el tratamiento antituberculoso sin presentar reacciones adversas a medicamentos (RAM). Sin embargo, tomando en consideración que algunos afectados pueden padecer o presentar RAM es importante un monitoreo cercano durante todo el tratamiento para identificar la aparición de efectos adversos a los medicamentos de primera y segunda línea; y, determinar si requieren exámenes de laboratorio y tratamiento para las mismas debido a que pueden ser severas e incluso comprometer la vida del afectado.

Tabla 11: Reanudación de la medicación antituberculosis después de una

reacción cutánea","Hard Negative Intra-Eje","2.	Efectos adversos de las drogas antituberculosis de","0","0","","Calibracion medica inicial estandarizada"
"GT-0126","01_urgencias_obstetricas","GPC_atencion_parto_por_cesarea_2015.pdf","triplet_v2_00088_neg","hard_negative_plausible","Describa el protocolo de manejo clínico inmediato y contraindicaciones normadas en Evidencias y recomendaciones - Esquema y Criterios Normados según la GPC oficial del Ecuador.","[Tabla 1]
| Indicador / Criterio Clínico | Descripción Normativa |
|---|---|
| »» Proceder a atender el parto en libre posición para la mujer y con enfoque de derecho humano e intercultural, según GPC del parto. »» Canalizar vía venosa empleando solución salina al 0.9% Ringer Lactato »» Preeclampsia/eclampsia: Manejo de emergencia (p. 42) »» RPM: ver manejo de emergencia (p. 42) »» Prever alta probabilidad de Reanimación Neonatal (p.45) »» Prever referir en postparto inmediato a la madre y RN. | **SI, además de una o más de la señales**<br>**del cuadro superior y presenta:**<br>• <br>3 o más contracciones intensas en 10<br>minutos y/o<br>• <br>Ganas de pujar y/o<br>• <br>Adelgazamiento de periné y/o<br>• <br>Apertura de la vagina, cabeza fetal visible |
| »» Proceder a atender el parto según GPC del parto. »» Preparar el nacimiento considerando probabilidad de Maniobras de Reanimación Neonatal (p. 45) | **Si la mujer no tiene las características de**<br>**las clasifcaciones anteriores pero tiene.**<br>• <br>3 o más contracciones intensas en 10<br>minutos y/o<br>• <br>Ganas de pujar y/o<br>• <br>Adelgazamiento de periné y/o<br>• <br>Apertura de la vagina, cabeza fetal visible |
| »» Colocar en decúbitos lateral izquierdo »» Referir al establecimiento de salud adecuado para la atención al parto. | Si la mujer no tiene las características<br>de las clasifcaciones anteriores y el<br>parto no es inminente |","Hard Negative Intra-Eje","10. Evidencias y recomendaciones","0","0","","Calibracion medica inicial estandarizada"
"GT-0127","02_respiratorio_pediatrico","GPC-RECIEN-NACIDO-CON-DIFICULTAD-PARA-RESPIRAR.pdf","triplet_v2_00479_neg","hard_negative_plausible","¿Qué intervenciones farmacológicas y no farmacológicas de grado A/B están normadas por el MSP en Anexos - Esquema y Criterios Normados para Guia de Practica Clinica: Recien Nacido con Dificultad para Respirar (SDR Neonatal)?","La mortalidad por causas respiratorias en los RN vivos no asociada al prematuro es de 10 a 15% de la mortalidad neonatal, o sea entre 300 a 450 muertes que podrían evitarse anualmente, con adecuados programas de prevención, realizando un diagnóstico oportuno y ofreciendo el mejor tratamiento disponible. 3,4

49,53% de los ingresos al servicio. Los problemas respiratorios en el RN se ubican así, como la mayor patología de preocupación y demanda.5

5. Alcance

Esta GPC está dirigida al grupo de profesionales involucrados con la atención al RN con dificultad respiratoria en los diferentes niveles de atención.

6. Propósito

Presentar la mejor evidencia científica disponible para proveer una aproximación razonable al diagnóstico, evaluación y tratamiento en el RN con dificultad para respirar, contribuyendo de una forma temprana y adecuada a disminuir la morbimortalidad neonatal vinculada a esta patología.

7. Objetivos específicos

1.	 Identificar correctamente la patología que origina el síndrome de dificultad respiratoria

neonatal.

2.	 Identificar los signos y síntomas de gravedad para referir de manera oportuna y segura

a los RN a los establecimientos de mayor capacidad resolutiva.

3.	 Determinar el tratamiento adecuado al RN con dificultad para respirar, en base a la

evidencia y recomendaciones actuales.

4.	 Establecer las indicaciones adecuadas para la oxígeno-terapia en el RN con dificultad

para respirar.

5.	 Disminuir la morbimortalidad neonatal por síndrome de dificultad respiratoria y

disminuir secuelas como la enfermedad pulmonar crónica de la prematurez (displasia broncopulmonar).

8. Aspectos metodológicos

•	 Guía de práctica clínica (GPC). •	 Guía de bolsillo. •	 Guía para el ciudadano. •	 Manual de procedimientos.

El Grupo de Desarrollo de la Guía (GDG) comprende un equipo multidisciplinario de profesionales colaboradores la Organización Panamericana de la Salud (OPS)  y la Dirección Nacional de Normatización (DNN) del Ministerio de Salud Pública (MSP).","Hard Negative Intra-Eje","21. Anexos","1","0","","Calibracion medica inicial estandarizada"
"GT-0128","04_soporte_cronicos_salud_mental","gpc_dolor_oncológico.pdf","triplet_v2_01476","positive_direct","¿Qué intervenciones farmacológicas y no farmacológicas de grado A/B están normadas por el MSP en Si un paciente: - Esquema y Criterios Normados para Guia de Practica Clinica: Manejo del Dolor Oncologico?","[Tabla 1]
|Precauciones|- Adultos mayores.<br>- Pacientes con insuficiencia renal o hepática.<br>- Pacientes con traumatismo craneoencefálico (TCE).<br>- Pacientes con hipertensión intracraneal o tumor cerebral.<br>- En pacientes con alteraciones pulmonares, enfermedad pulmonar obstructiva crónica<br>(EPOC).<br>- Enfermedades cardiovasculares, arritmias.<br>- En obstrucción gastrointestinal.<br>- Hipertrofia prostática.<br>- En pacientes con depresión del sistema nervioso central (SNC).<br>- En depresión respiratoria.<br>- Hipotensión.<br>- Hipotiroidismo o mixedema no tratado.<br>- Enfermedades biliares.<br>- Pacientes que presenten convulsiones.<br>- Pacientes con enfermedad inflamatoria intestinal, cirugía gastrointestinal previa o colitis<br>seudomembranosa.<br>- Pancreatitis aguda.<br>- Enfermedad de Addison.<br>- Abuso de drogas o dependencia, alcoholismo.<br>- En pacientes con cirugía de tracto urinario previa.<br>- Labilidad emocional, delirium tremens.<br>- Shock, cor pulmonale.<br>- Pacientes con obesidad severa.<br>- Riesgo de depresión respiratoria potencialmente fatal. Así como de abuso o adicción a<br>fentanilo.<br>- El calor (cobijas térmicas, ingreso a saunas, baños de sol, etc.) podría incrementar la<br>concentración plasmática de fentanilo.|
|---|---|
|**Contraindicaciones**|Hipersensibilidad al fentanilo o a sus componentes, pacientes con diarrea producida por<br>toxinas, con íleoparalítico, depresión respiratoria o asma bronquial aguda o severa.|","gpc_dolor_oncológico.pdf","8. Si un paciente:","2","2","","Calibracion medica inicial estandarizada"
"GT-0129","01_urgencias_obstetricas","Guia Control Prenatal.pdf","triplet_v2_00274_neg","hard_negative_plausible","¿Qué intervenciones farmacológicas y no farmacológicas de grado A/B están normadas por el MSP en 5 Recomendaciones acerca de exposición a sustancias tóxicas - Esquema y Criterios Normados para Guia de Practica Clinica: Control Prenatal?","[Tabla 3]
|Punto de buena práctica para medidas no farmacológicas en los trastornos hipertensivos del<br>embarazo|Col2|
|---|---|
|✓|Se recomienda controlar el peso en cada control prenatal o control por algún trastorno hipertensivo<br>del embarazo, para determinar cambios signifcativosque alteren el manejo de lapaciente.|","Hard Negative Intra-Eje","10.5    Recomendaciones acerca de exposición a sustancias tóxicas","0","0","","Calibracion medica inicial estandarizada"
"GT-0130","04_soporte_cronicos_salud_mental","GPC_trastornos_del_espectro_autista_2017-1.pdf","triplet_v2_01473_neg","hard_negative_plausible","¿Cuáles son los criterios clínicos, diagnóstico y conducta médica recomendada para D. Los síntomas causan un deterioro clínicamente significativo en lo social, laboral u otras áreas - Esquema y Criterios Normados según la GPC de Guia de Practica Clinica: Trastornos del Espectro Autista en Ninos y Adolescentes del MSP Ecuador?","C. Los síntomas han de estar presentes en las primeras fases del período de desarrollo (pero

pueden no manifestarse totalmente hasta que la demanda social supera las capacidades limitadas, o pueden estar enmascarados por estrategias aprendidas en fases posteriores de la vida).

D. Los síntomas causan un deterioro clínicamente significativo en lo social, laboral u otras áreas

importantes del funcionamiento habitual.

E. Estas alteraciones no se explican mejor por la discapacidad intelectual (trastorno del desarrollo intelectual) o por el retraso global del desarrollo. La discapacidad intelectual y TEA con frecuencia concuerdan; para hacer diagnósticos de comorbilidades de un TEA y discapacidad intelectual, la comunicación social ha de estar por debajo de lo previsto para el nivel general de desarrollo.

Especificar si:

Con o sin déficit intelectual acompañante. Con o sin deterioro del lenguaje acompañante.

(Nota de codificación: Utilizar un código adicional para identificar la afección médica o genética asociada).

Asociado a otro trastorno del desarrollo neurológico, mental o del comportamiento (Nota de codificación: utilizar un código(s) adicional(es) para identificar el trastorno(s) del desarrollo neurológico, mental o del comportamiento asociado(s).

Con catatonía (véanse los criterios de catatonía asociados a otro trastorno mental.

(Nota de codificación: utilizar un código adicional 293.89 [F06.1] catatonía asociada a trastorno del espectro del autismo para indicar la presencia de la catatonía concurrente).

Procedimientos de registro

Para el TEA asociado a una afección médica o genética conocida, a un factor ambiental u otro trastorno del desarrollo neurológico, mental o del comportamiento, se registrará el mismo asociado a (nombre de la afección, trastorno o factor) (p. ej., trastorno del espectro de autismo asociado al síndrome de Rett). La gravedad se reconocerá de acuerdo con el grado de ayuda necesaria para cado uno de los dominios psicopatológicos (p. ej., “necesita apoyo muy notable para deficiencias en la comunicación social y apoyo notable para comportamientos restringidos y repetitivos”).","Hard Negative Intra-Eje","D. Los síntomas causan un deterioro clínicamente significativo en lo social, laboral u otras áreas","0","0","","Calibracion medica inicial estandarizada"
"GT-0131","01_urgencias_obstetricas","MSP_Trastornos-hipertensivos-del-embarazo-con-portada-3.pdf","triplet_v2_00205","positive_direct","¿Cuáles son los signos de alarma, criterios de severidad y algoritmo de derivación en 13 Identificación y manejo de la intoxicación por sulfato de magnesio - Esquema y Criterios Normados según la normativa nacional?","[Tabla 4]
|Fuerza de la<br>recomendación|Recomendaciones para la terminación del embarazo en pacientes con<br>trastornos hipertensivos del embarazo T|
|---|---|
|C|El tratamiento antihipertensivo debe mantenerse durante todo el embarazo y parto para<br>mantener la TA sistólica entre 130 mmHg a 155 mmHg y la presión diastólica entre 80<br>mmHg a 105 mmHg (9) teniendo en cuenta el criterio del especialista y la características<br>propias de cada mujer.(117)|","MSP_Trastornos-hipertensivos-del-embarazo-con-portada-3.pdf","12.13	 Identificación y manejo de la intoxicación por sulfato de magnesio","2","2","","Calibracion medica inicial estandarizada"
"GT-0132","01_urgencias_obstetricas","GPC_Atencion_del_trabajo_parto_posparto_y_parto_inmediato.pdf","triplet_v2_00403","positive_direct","¿Qué intervenciones farmacológicas y no farmacológicas de grado A/B están normadas por el MSP en Glosario de términos1 para Guia de Practica Clinica: Atencion del Trabajo de Parto, Posparto y Parto Inmediato?","Síndrome de Mendelson: neumonía ocasionada por la aspiración de jugo gástrico que cuando entra en contacto con los pulmones ocasiona alteraciones muy graves (necrosis, edema agudo, sobreinfección, etc.).

11. Abreviaturas

GPC: guía de práctica clínica HPP:

hemorragia posparto IC:

intervalo de confianza IM:

intramuscular IV:

intravenoso LS:

límite superior MAIS: Modelo de Atención Integral de Salud MEF:

monitorización electrónica fetal MEFC: monitorización electrónica fetal continua MEFI: monitorización electrónica fetal intermitente MSP:

Ministerio de Salud Pública NE:

nivel de evidencia NHS:

National Health Service NICE: National Institute for Health and Clinical Excellence PICO: paciente/intervención/comparación/outcome o resultado OMS: Organización Mundial de la Salud OR:

odds ratios RCTG: registro cardiotocográfioco RN:

recién nacido RR:

riesgo relativo=razón de riesgo RS:

revisión sistemática RS-MA: revisión sistemática-metaanálisis SIGN: Scottish Intercollegiate Guidelines Network SNS:

Sistema Nacional de Salud SPSS: Statistical Package for the Social Sciencies UCI:

Unidad de Cuidados Intensivos UNFPA: Fondo de Población de las Naciones Unidas

12. Referencias

Grupo técnico de trabajo de la OMS. Departamento de Investigación y Salud Reproductiva. Ginebra: OMS; 1996.

3. Organización Mundial de la Salud.  Estrategia mundial de la salud de las mujeres y los niños 2010. Ginebra: OMS; 2010.

4. Instituto Naciona de estadísticas y censo (INEC). Estadísticas vitales. Disponible en www.ecuadorencifras.gob.ec

5. Organizacion Mundial de la Salud. Nota descriptiva No. 348 Mayo 2014. Disponible en:  http://www.who.int/mediacentre/factsheets/fs348/es/

6. Bueno de Mesquita J, Kismödi E. Maternal mortality and human rights: landmark decision by United Nations human rights body. Bull World Health Organ. 2012 Feb 1; 90 (2): 79A.","GPC_Atencion_del_trabajo_parto_posparto_y_parto_inmediato.pdf","10. Glosario de términos1","2","2","","Calibracion medica inicial estandarizada"
"GT-0133","04_soporte_cronicos_salud_mental","gpc_VIH_acuerdo_ministerial05-07-2019.pdf","triplet_v2_01343","positive_direct","¿Cuáles son los signos de alarma, criterios de severidad y algoritmo de derivación en Pérdida de peso - Esquema y Criterios Normados según la normativa nacional?","[Tabla 1]
|Col1|Momento del|Col3|Indagar|Informar, ratificar y clarificar|Col6|Col7|
|---|---|---|---|---|---|---|
|Prueba de tamizaje<br>reactiva sin<br>posibilidad de<br>aplicar el algoritmo<br>para contar con el<br>diagnóstico<br>definitivo|Prueba de tamizaje<br>reactiva sin<br>posibilidad de<br>aplicar el algoritmo<br>para contar con el<br>diagnóstico<br>definitivo|Prueba de tamizaje<br>reactiva sin<br>posibilidad de<br>aplicar el algoritmo<br>para contar con el<br>diagnóstico<br>definitivo|Conocimiento sobre VIH y<br>prevención<br>transmisión<br>materno-infantil|<br> <br> <br> <br> <br> <br> <br>|las medidas añadidas, como cesárea y la profilaxis durante el|las medidas añadidas, como cesárea y la profilaxis durante el|","gpc_VIH_acuerdo_ministerial05-07-2019.pdf","5. Pérdida de peso","2","1","","Calibracion medica inicial estandarizada"
"GT-0134","03_cardiovascular_metabolico","guia_prevencion_diagnostico_tratamiento_enfermedad_renal_cronica_2018.pdf","gpc_guia_prevencion_diagnostico_tratamiento_enfermedad_renal_cronica_2018_chunk_0458","contextual_neutral","¿Qué esquema terapéutico de primera línea, dosificación y monitoreo normado establece el MSP para Evidencias y recomendaciones - Esquema y Criterios Normados (I10)?","[Tabla 1]
| Indicador / Criterio Clínico | Descripción Normativa |
|---|---|
| Lisinopril | **Flecainida**<br>100-200 mg/día<br>D<br>75 %<br>75 %<br>50 % |
| Col3 | **Flecainida**<br>100-200 mg/día<br>D<br>75 %<br>75 %<br>50 % |
| Col4 | **Flecainida**<br>100-200 mg/día<br>D<br>75 %<br>75 %<br>50 % |
| 5-80 mg/día | **Flecainida**<br>100-200 mg/día<br>D<br>75 %<br>75 %<br>50 % |
| Col6 | **Flecainida**<br>100-200 mg/día<br>D<br>75 %<br>75 %<br>50 % |
| Col7 | **Flecainida**<br>100-200 mg/día<br>D<br>75 %<br>75 %<br>50 % |
| D | **Flecainida**<br>100-200 mg/día<br>D<br>75 %<br>75 %<br>50 % |
| Col9 | **Flecainida**<br>100-200 mg/día<br>D<br>75 %<br>75 %<br>50 % |
| Col10 | **Flecainida**<br>100-200 mg/día<br>D<br>75 %<br>75 %<br>50 % |
| 75-50 % | **Flecainida**<br>100-200 mg/día<br>D<br>75 %<br>75 %<br>50 % |","Guia de Practica Clinica: Enfermedad Renal Cronica","100","0","0","","Calibracion medica inicial estandarizada"
"GT-0135","02_respiratorio_pediatrico","GP_Tuberculosis-1.pdf","gpc_GP_Tuberculosis-1_chunk_0042","contextual_neutral","¿Qué esquema terapéutico de primera línea, dosificación y monitoreo normado establece el MSP para Desarrollo - Niveles de hemoglobina para diagnosticar anemia (Z39.1)?","[Tabla 1]
|Se recomienda averiguar el tiempo de contacto con el<br>afectado de TB<br>bacteriológicamente confirmado, debido a que el niño desarrolla<br>la enfermedad de TB generalmente dentro del año siguiente a la<br>exposición e infección con el bacilo. (127)|E-III<br>R-C|
|---|---|
|Previa administración de terapia preventva con isoniacida (TPI) se<br>recomienda verifcar si el niño menor de 5 años, contacto de un<br>afectado TB bacteriológicamente confrmada, no recibió la misma.||
|Se recomienda averiguar si el niño o adolescente ha sido vacunado,<br>confrmar con el carnet de vacunación, así como observar la<br>presencia o no de cicatrizproducidapor la BCG.||
|Se recomienda descartar TB en:<br>-  Niños menores de 5 años con sospechas de TB.<br>-  Afectados con comorbilidades inmunosupresoras, priorizando<br>a los menores de 15 años.(67)|_E-III_<br>_R-C_|
|Cuando hay sospecha de TB-MDR en niños se recomienda investgar<br>(128,129):<br>§ Contacto de caso conocido MDR.<br>§ Contacto de un caso TB que murió en tratamiento y con<br>sospecha de TB-MDR.<br>§ Contacto cuya fuente primaria sigue con BK+ después de 2<br>meses de tratamiento.<br>§ Contacto de caso con historia de TB tratada previamente o<br>con historia de interrupción del tratamiento.<br>§ Niño con TB bacteriológicamente comprobada y que no<br>responde al tratamiento.<br>§ Niño con TB recurrente después de un tratamiento con<br>adherencia.<br>§ Todos estos casos deben confrmarse con PSD.<br>§ Si la PSD reporta resistencia, debe ser evaluado por el<br>comité técnico asesor de TB.|_E-III_<br>_R-C_|
|**2. Criterio clínico**|**2. Criterio clínico**|
|En los niños las manifestaciones clínicas específcas no son<br>evidentes**, **por lo que se recomienda evaluar* (128,130):<br>Síntomas respiratorios:<br>• <br>Tos persistente que no mejora y expectoración<br>• <br>Hemoptsis<br>Manifestaciones sistémicas:<br>• <br>Fiebre persistente por más de 14 días<br>• <br>Disminución de apetto o no se alimenta adecuadamente||","Guia de Practica Clinica: Prevencion, Diagnostico, Tratamiento y Control de la Tuberculosis (2da Edicion)","42","0","0","","Calibracion medica inicial estandarizada"
"GT-0136","01_urgencias_obstetricas","GPC_Atencion_del_trabajo_parto_posparto_y_parto_inmediato.pdf","gpc_GPC_Atencion_del_trabajo_parto_posparto_y_parto_inmediato_chunk_0008","contextual_neutral","¿Cuáles son los signos de alarma, criterios de severidad y algoritmo de derivación en Abreviaturas según la normativa nacional?","En 1985, la OMS estableció una serie de recomendaciones sobre el uso de la tecnología apropiada en los partos, elaborando, en 1996, una Guía Práctica sobre los cuidados en el Parto Normal.2

La experiencia clínica indica que el personal calificado, adecuadamente equipado y respaldado, puede prevenir o manejar muchas de estas complicaciones.1-3, 5, 6

De acuerdo a la información disponible actualmente, los expertos concuerdan en que la atención calificada del parto debe ser un elemento central de cualquier política o programa que tenga como meta la reducción de las muertes maternas.2 La morbilidad y mortalidad maternas son prevenibles con la aplicación de acciones que eviten complicaciones.1, 6

La mejora de la salud materna es uno de los ocho Objetivos de Desarrollo del Milenio (ODM) adoptados por la comunidad internacional en el año 2000;7 en concordancia, esta también es una de las principales prioridades del MSP del Ecuador,8 y para ello se debe ofrecer orientaciones clínicas y programáticas basadas en datos científicos que permitan una atención calificada del trabajo de parto, el parto y el posparto inmediato normal, así como el cuidado inicial del RN, condición que permitirá disminuir el riesgo de complicaciones que podrían presentarse y, de esta manera, reducir la morbi-mortalidad materna y neonatal.

La GPC de Atención del trabajo de parto, parto y posparto inmediato del MSP presenta la mejor evidencia científica en la atención eficiente del trabajo de parto, parto y atención del RN para que contribuya en forma temprana y adecuada a disminuir la morbimortalidad materna y perinatal, enfocando la atención del parto como una situacion fisiológica normal que debe ser debidamente controlada por el personal de salud en el primer nivel de atención de forma preferencial, definiendo las mejores recomendaciones para la atención del mismo en la primera etapa del trabajo o período de dilatación, en la segunda etapa o período expulsivo y en la tercera etapa o período de alumbramiento; además da recomendaciones para el cuidado y manejo de RN en el período de posparto inmediato.1-3, 5, 9

La atención en los establecimientos de salud durante el trabajo de parto, parto y posparto debe estar centrada en el cuidado de la madre, el feto y el RN. Existen cinco momentos en la implementación de las recomendaciones:","Guia de Practica Clinica: Atencion del Trabajo de Parto, Posparto y Parto Inmediato","13","0","0","","Calibracion medica inicial estandarizada"
"GT-0137","03_cardiovascular_metabolico","gpc_hta192019.pdf","triplet_v2_01141_neg","hard_negative_plausible","¿Qué esquema terapéutico de primera línea, dosificación y monitoreo normado establece el MSP para Evidencias y recomendaciones - Esquema y Criterios Normados (I10)?","14.3 Tratamiento de la TB

El esquema de tratamiento no está basado en la localización de la enfermedad (pulmonar o extrapulmonar). Para la asignación del esquema se debe consultar y registrar el historial farmacológico y tiempo del tratamiento previo si fuera el caso.

Los esquemas de tratamiento se dividen en dos grupos TB sensible y TB resistente y deben ser administrados de acuerdo al peso corporal del paciente. Adicionalmente debe ser directamente observado en el 100% de los casos y dosis. (71)

14.3.1 Esquemas para casos con TB sensible

Se utiliza una combinación de cuatro fármacos de primera línea antituberculosis:

Tabla 4. Esquemas de tratamiento para casos de TB sensible

Isoniacida (H), Rifampicina (R), Pirazinamida (Z) y Etambutol (E)

Tabla 5. Recomendaciones de dosis por kg de peso para el tratamiento TB

sensible en adultos con drogas de primera línea","Hard Negative Inter-Eje","12. Evidencias y recomendaciones","0","0","","Calibracion medica inicial estandarizada"
"GT-0138","02_respiratorio_pediatrico","GPC-RECIEN-NACIDO-CON-DIFICULTAD-PARA-RESPIRAR.pdf","triplet_v2_00667_neg","hard_negative_plausible","¿Cuáles son los signos de alarma, criterios de severidad y algoritmo de derivación en Manejo de las complicaciones. - Esquema y Criterios Normados según la normativa nacional?","3. Preguntas que responde esta Guía de Práctica Clínica

1.	 ¿Cuáles son los factores de riesgo que predisponen a la preeclampsia – eclampsia? 2.	 ¿Existen medios probados de prevención? 3.	 ¿Son eficaces las pruebas predictoras de preeclampsia? 4.	 ¿Cómo se pueden reducir los errores en la toma de la presión arterial? 5.	 ¿Cómo realizar el diagnóstico de preeclampsia – eclampsia? 6.	 ¿Qué exámenes de laboratorio y pruebas diagnósticas deben realizarse? 7.	 ¿Cómo deben clasificarse a las embarazadas con trastornos hipertensivos? 8.	 ¿Cuáles son las recomendaciones en relación con el tratamiento de la hipertensión durante el embarazo? 9.	 ¿Cuáles son las medidas no farmacológicas y farmacológicas para el tratamiento de los trastornos hipertensivos del embarazo? 10.	 ¿Cuál es el manejo farmacológico en la emergencia hipertensiva? 11.	 ¿Qué medicamentos profilácticos se pueden utilizar en la prevención de preeclampsia – eclampsia? 12.	 ¿Cuál es el manejo de la preeclampsia y eclampsia? 13.	 ¿Cuál es el manejo de las convulsiones recurrentes en los trastornos hipertensivos del embarazo? 14.	 ¿Cuáles son los efectos tóxicos del sulfato de magnesio? ¿Cómo se trata la intoxicación por sulfato de magnesio? 15.	 ¿Cuándo se debe terminar el embarazo en los trastornos hipertensivos del embarazo? 16.	 ¿Cuáles son las recomendaciones para el manejo del Síndrome hemolisis, elevación de enzimas hepáticas, plaquetopenia (HELLP)? 17.	 ¿Cuáles son las recomendaciones en relación con el seguimiento posparto de las pacientes hipertensas durante el embarazo? 18.	 ¿Cuáles son los criterios de referencia y contrarreferencia de las pacientes con trastornos hipertensivos del embarazo?

4. Introducción

En todo el mundo, los trastornos hipertensivos constituyen una de las complicaciones más habituales del embarazo y son responsables de un importante porcentaje de morbimortalidad tanto materna como perinatal, especialmente en los lugares de escasos recursos. (2,3)","Hard Negative Inter-Eje","5.	 Manejo de las complicaciones.","0","0","","Calibracion medica inicial estandarizada"
"GT-0139","02_respiratorio_pediatrico","GPC_tuberculosis_2016.pdf","triplet_v2_00813_neg","hard_negative_plausible","Describa el protocolo de manejo clínico inmediato y contraindicaciones normadas en El incremento acelerado de linfocitos CD4. según la GPC oficial del Ecuador.","[Tabla 1]
|Título de la guía|Recién nacido prematuro|
|---|---|
|**Validación**|Validación del protocolo de búsqueda y GPC que adaptar_""_Método de<br>validación GPC: validación por pares clínicos_""_ Validación: Dirección de<br>Normatización – Sistema Nacional de Salud|
|**Fuente de**<br>**fnanciamiento**|Ministerio de Salud Pública del Ecuador. Dirección Nacional de<br>Normatización. Organización Panamericana de la Salud.|
|**Conficto de**<br>**interés**|Todos los miembros involucrados en el desarrollo de esta GPC han<br>declarado la ausencia de conficto de interés en relación a la información,<br>objetivosy propósitos de lapresenteguía depráctica clínica.|
|**Actualización**|A partir de la fecha de edición, cada dos años, o según cambios<br>demostrados en la práctica clínica basados en evidencia y publicaciones<br>científcas en el tema.|","Hard Negative Intra-Eje","5.	 El incremento acelerado de linfocitos CD4.","0","0","","Calibracion medica inicial estandarizada"
"GT-0140","04_soporte_cronicos_salud_mental","gpc_VIH_acuerdo_ministerial05-07-2019.pdf","triplet_v2_01528_neg","hard_negative_plausible","¿Cuáles son los signos de alarma, criterios de severidad y algoritmo de derivación en Pérdida de peso - Esquema y Criterios Normados según la normativa nacional?","Subpreguntas

• ¿Cuáles son los criterios para analizar la dinámica  familiar antes de determinar un plan de apoyo? • ¿Qué información de apoyo es eficaz para el acceso al acompañamiento de la familia y cuidadores del paciente con diagnóstico de TEA? • ¿Cuáles son los principales problemas asociados con la atención a las familias y cuidadores del paciente con diagnóstico de TEA?

13.7 Criterios de referencia y contrarreferencia

14. Monitoreo de calidad

El equipo de mejoramiento continuo de la calidad debe aplicar el Manual de estándares, indicadores e instrumentos para medir la calidad de la atención.","Hard Negative Intra-Eje","5. Pérdida de peso","0","0","","Calibracion medica inicial estandarizada"
"GT-0141","02_respiratorio_pediatrico","GPC-Sepsis-neonatal.pdf","triplet_v2_00499","positive_direct","¿Qué intervenciones farmacológicas y no farmacológicas de grado A/B están normadas por el MSP en Anexos - Esquema y Criterios Normados para Guia de Practica Clinica: Sepsis Bacteriana del Recien Nacido?","[Tabla 1]
|Lista de dispositivos médicos esenciales para sepsis neonatal|Col2|Col3|
|---|---|---|
|10-759-3|Catéter umbilical<br>No. 5|3 lumen silicón 100%, libre de látex y PVC, extremo<br>distal abierto y redondeado, radiopaco, tapa en extremo<br>proximal y conector de tipo Luer Lock, graduado cada<br>cm, estéril, descartable.|
|17-460-1|Electrodo neonatal|Libre de látex y PVC, con soporte de_micropore_, <br>autoadhesivo con broche de metal, gel conductor,<br>lámina protectora individual, empaque resistente a la<br>humedad, descartable<br>|
|12-159-2|Equipo microgotero<br>para bomba|Polivinil, bureta graduada fexible, 100-150 mL, con<br>escala graduable legible, válvula de cierre, con puerto de<br>inyección en Y, fltro de soluciones,_clamp_, protector de<br>espiga, cámara de llenado, con regulador micrométrico<br>de caudal, conector Luer Lock, punzón universal, estéril,<br>descartable.|
|10-030-14|Esparadrapo<br>microporoso|Con adhesivo hipoalergénico distribuido uniformemente,<br>transpirable, resistente a la humedad, de fácil rasgado.|
|13-882-1|Gorro quirúrgico,<br>mujer|De tela no tejida, polipropileno, con elástico en los<br>bordes, plegable, resistente a fuidos, tamaño estándar,<br>no estéril, descartable.|","GPC-Sepsis-neonatal.pdf","26. Anexos","2","2","","Calibracion medica inicial estandarizada"
"GT-0142","02_respiratorio_pediatrico","GPC-RECIEN-NACIDO-CON-DIFICULTAD-PARA-RESPIRAR.pdf","triplet_v2_00621_neg","hard_negative_plausible","¿Qué esquema terapéutico de primera línea, dosificación y monitoreo normado establece el MSP para Manejo ventilatorio y oxigenoterapia. - Esquema y Criterios Normados (P22.0)?","Tabla 2. Ejemplos de situaciones y consideraciones para la transición a los nuevos ARV de primera línea

Tomado de: OMS. Tratamiento de la infección por el VIH. Transición hacia los nuevos antirretrovirales en los programas contra el VIH. 2017.

Tabla 3. Enfoques recomendados de vigilancia de la toxicidad y farmacovigilancia en embarazadas para los antirretrovirales nuevos

Tabla 1. Antirretrovirales que se encuentran en la planificación del MSP

- Actualmente 16 000 personas que viven con VIH reciben terapia antirretroviral (TARV) con el esquema preferente de inicio TDF/FTC/EFV, que corresponde al 70% de personas que viven con VIH (PVV).  Los nuevos casos de VIH que iniciarán TARV a partir de enero del 2020, lo harán con la triada TDF/3TC/DTG. Según el análisis de la información existente, en el país se realiza un promedio de 4 000 nuevos diagnósticos de VIH al año, de los cuales el 70% (3 000) son candidatos al esquema preferente. Por tal motivo, para finales del 2019 serán 19 000 PVV que continuarán con el esquema  de  TDF/FTC/EFV hasta terminar con stock existente (junio del 2021); a partir de julio 2021, todas las PVV recibirán el esquema TDF/3TC/DTG. Este cambio será expuesto al Comité Técnico Asesor de VIH para valorar en que porcentaje se indicará el esquema co-formulado en terapia triple (TDF/3TC/DTG) o combinación de TDF/FTC más DTG. Transición de LPV/r

- Los usuarios que a la presente fecha se encuentren en tratamiento con LPV/r, serán distribuidos para recibir ATV/r (300/100mg) como fármaco preferente (80%), y DRV/r (400/50mg 2 tabletas vía oral en una sola toma) como inhibidor de la proteasa (IP) alternativo (20%).

Transición de ABC/3TC/EFV y AZT/3TC/EFV","Hard Negative Inter-Eje","3.	 Manejo ventilatorio y oxigenoterapia.","0","0","","Calibracion medica inicial estandarizada"
"GT-0143","03_cardiovascular_metabolico","guia_prevencion_diagnostico_tratamiento_enfermedad_renal_cronica_2018.pdf","triplet_v2_01076","positive_direct","¿Qué esquema terapéutico de primera línea, dosificación y monitoreo normado establece el MSP para 2 Sospecha y diagnóstico - Esquema y Criterios Normados (N18.9)?","[Tabla 2]
|Col1|Recomendaciones para el reporte e interpretación de los valores de TFG|Col3|Col4|Col5|Col6|
|---|---|---|---|---|---|
||**R-B**|**R-B**|**R-B**|1. IAC (índice albúmina/creatinina);|1. IAC (índice albúmina/creatinina);|
|||||||
|||||2. IPC (índice proteína/creatinina);|2. IPC (índice proteína/creatinina);|","guia_prevencion_diagnostico_tratamiento_enfermedad_renal_cronica_2018.pdf","14.2 Sospecha y diagnóstico","2","2","","Calibracion medica inicial estandarizada"
"GT-0144","04_soporte_cronicos_salud_mental","gpc_VIH_acuerdo_ministerial05-07-2019.pdf","triplet_v2_01409","positive_direct","¿Cuáles son los signos de alarma, criterios de severidad y algoritmo de derivación en Pérdida de peso - Esquema y Criterios Normados según la normativa nacional?","[Tabla 1]
|Col1|Col2|Col3|Col4|Régimen|Col6|Col7|Medicamentos|Col9|Col10|Posología|Col12|
|---|---|---|---|---|---|---|---|---|---|---|---|
|**Alternativa**|**Alternativa**|**Alternativa**|2 ó 3 ITIAN3+ <br>ITIANN|2 ó 3 ITIAN3+ <br>ITIANN|2 ó 3 ITIAN3+ <br>ITIANN|AZT + 3TC + NVP|AZT + 3TC + NVP|AZT + 3TC + NVP|<br> <br> <br> <br>|**NVP:**< 1 mes: 6mg/kg/dosis vía oral|<br> <br>|
|**Alternativa**|**Alternativa**|**Alternativa**|2 ó 3 ITIAN3+ <br>ITIANN|2 ó 3 ITIAN3+ <br>ITIANN|2 ó 3 ITIAN3+ <br>ITIANN|AZT + 3TC + NVP|AZT + 3TC + NVP|AZT + 3TC + NVP|<br> <br> <br> <br>|dos veces al día.|dos veces al día.|
|**Alternativa**|**Alternativa**|**Alternativa**|2 ó 3 ITIAN3+ <br>ITIANN|2 ó 3 ITIAN3+ <br>ITIANN|2 ó 3 ITIAN3+ <br>ITIANN|AZT + 3TC + NVP|AZT + 3TC + NVP|AZT + 3TC + NVP|<br> <br> <br> <br>|≥ 1 mes a < 8 años: 200mg/m2 de área|≥ 1 mes a < 8 años: 200mg/m2 de área|","gpc_VIH_acuerdo_ministerial05-07-2019.pdf","5. Pérdida de peso","2","2","","Calibracion medica inicial estandarizada"
"GT-0145","03_cardiovascular_metabolico","gpc_hta192019.pdf","triplet_v2_01057_neg","hard_negative_plausible","¿Cuáles son los signos de alarma, criterios de severidad y algoritmo de derivación en Evidencias y recomendaciones - Esquema y Criterios Normados según la normativa nacional?","Una vez que se cuenta con el diagnóstico de neumonía adquirida en la comunidad (ver anexo 3), es necesario identificar la severidad del cuadro.

Tabla 4. Criterios de severidad en pacientes con neumonía adquirida en la comunidad

Interpretación: el médico debe considerar traslado al servicio de terapia intensiva o un servicio con monitorización cardiorrespiratoria continua para el niño que tiene más de un criterio mayor o más de dos criterios menores.

Tomado de: Bradley et al. The management of community-acquired pneumonia in infants and children older than 3 months of age [3].","Hard Negative Inter-Eje","12. Evidencias y recomendaciones","0","0","","Calibracion medica inicial estandarizada"
"GT-0146","04_soporte_cronicos_salud_mental","gpc_cuidados_paliativos_completa_2014.pdf","gpc_gpc_cuidados_paliativos_completa_2014_chunk_0300","contextual_neutral","¿Cuáles son los criterios clínicos, diagnóstico y conducta médica recomendada para Anuria <300 ml/d - Mezclas compatibles de tres medicamentos que incluyen morfin según la GPC de Guia de Practica Clinica: Cuidados Paliativos del MSP Ecuador?","10.2.5. Consideraciones éticas y legales

Los principios éticos y legales de la sedación son:323

• Indicación y práctica adecuada. • Intencionalidad: el objetivo es el alivio del sufrimiento. • Principio de proporcionalidad: considerando la situación del paciente, la intensidad del sufrimiento, la ausencia de otros métodos paliativos y la supervivencia estimada, la sedación es la opción más proporcionada entre las posibles. Implica realizar un balance entre los beneficios (alivio del sufrimiento) y los riesgos e inconvenientes (disminución del nivel de consciencia, efecto sobre la supervivencia). • Principio de autonomía: en la Ley Orgánica de la Salud, en el capítulo sobre los derechos y deberes de las personas y del Estado en relación con la salud, Art. 7.- h) Ejercer la autonomía de su voluntad a través del consentimiento por escrito y tomar decisiones respecto a su estado de salud y procedimientos de diagnóstico y tratamiento, salvo en los casos de urgencia, emergencia o riesgo para la vida de la personas y para la salud pública.330

Opinión de

expertos

Legislación

Las excepciones son el privilegio terapéutico (deseo expreso del paciente de no ser informado o el convencimiento total o casi total de que la información supone un mayor perjuicio al enfermo). En el enfermo no competente, la sedación requiere el consentimiento delegado. Tanto si el paciente es competente como si no lo es, se recomienda consensuar siempre las decisiones con su familia.

Asimismo, el equipo debe decidir sobre la cantidad de información que se comunica y la manera de comunicarla. Se debería informar del carácter voluntario de la decisión de sedación. El equipo tiene que confirmar que la decisión del paciente no está afectada por presión psicológica o social.

Resumen de evidencia","Guia de Practica Clinica: Cuidados Paliativos","195","0","0","","Calibracion medica inicial estandarizada"
"GT-0147","01_urgencias_obstetricas","GPC_anomalias_de_insercion_placentaria_2017.pdf","triplet_v2_00342","positive_direct","Describa el protocolo de manejo clínico inmediato y contraindicaciones normadas en Publicación y actualización reciente (2010-2016). según la GPC oficial del Ecuador.","13. Abreviaturas

AINE

aintiinflamatorio no esteroideo CENETEC Centro Nacional de Excelencia Tecnología en Salud CIE-10

Clasificación Internacional de las Enfermedades 10.a edición cm

centímetro COX-2

ciclooxigenasa 2 dl

decilitro FESGO Federación Ecuatoriana de Sociedades de Ginecología y Obstetricia g

gramo GI

gastrointestinal G-I-N

Guidelines International Network GPC

guía de práctica clínica IgA

inmunoglobulina A IM

intramuscular IV

intravenosa Hb

hemoglobina µg

microgramos mg

miligramos ml

mililitro mm

milímetro MSP

Ministerio de Salud Pública NICE

National Institute for Health and Care Excellence OCI

orificio cervical interno OMS

Organización Mundial de la Salud OPS

Organización Panamericana de la Salud PICO

paciente, intervención, comparación y resultado RCOG

Royal College of Obstetricians and Gynaecologists SAI

sine alter indicatio (sin otra indicación, sin especificación) SIGN

Scottish Intercollegiate Guidelines Network UI

unidad indexada UTV

ultrasonido transvaginal VIH

virus de inmunodeficiencia humana VPP

valor predictivo positivo","GPC_anomalias_de_insercion_placentaria_2017.pdf","4.	 Publicación y actualización reciente (2010-2016).","2","2","","Calibracion medica inicial estandarizada"
"GT-0148","02_respiratorio_pediatrico","gpc_supervision_Salud_de_Adolescentes_2014.pdf","triplet_v2_00844_neg","hard_negative_plausible","Describa el protocolo de manejo clínico inmediato y contraindicaciones normadas en Todo este enfoque integrador cuyo centro es el/la adolescente tiene como soporte según la GPC oficial del Ecuador.","[Tabla 1]
| Indicador / Criterio Clínico | Descripción Normativa |
|---|---|
| »» Proceder a atender el parto en libre posición para la mujer y con enfoque de derecho humano e intercultural, según GPC del parto. »» Canalizar vía venosa empleando solución salina al 0.9% Ringer Lactato »» Preeclampsia/eclampsia: Manejo de emergencia (p. 42) »» RPM: ver manejo de emergencia (p. 42) »» Prever alta probabilidad de Reanimación Neonatal (p.45) »» Prever referir en postparto inmediato a la madre y RN. | **SI, además de una o más de la señales**<br>**del cuadro superior y presenta:**<br>• <br>3 o más contracciones intensas en 10<br>minutos y/o<br>• <br>Ganas de pujar y/o<br>• <br>Adelgazamiento de periné y/o<br>• <br>Apertura de la vagina, cabeza fetal visible |
| »» Proceder a atender el parto según GPC del parto. »» Preparar el nacimiento considerando probabilidad de Maniobras de Reanimación Neonatal (p. 45) | **Si la mujer no tiene las características de**<br>**las clasifcaciones anteriores pero tiene.**<br>• <br>3 o más contracciones intensas en 10<br>minutos y/o<br>• <br>Ganas de pujar y/o<br>• <br>Adelgazamiento de periné y/o<br>• <br>Apertura de la vagina, cabeza fetal visible |
| »» Colocar en decúbitos lateral izquierdo »» Referir al establecimiento de salud adecuado para la atención al parto. | Si la mujer no tiene las características<br>de las clasifcaciones anteriores y el<br>parto no es inminente |","Hard Negative Inter-Eje","5.	 Todo este enfoque integrador cuyo centro es el/la adolescente tiene como soporte","1","0","","Calibracion medica inicial estandarizada"
"GT-0149","04_soporte_cronicos_salud_mental","61069_MSP_Guía_DEPRESION_20180228_D.pdf","triplet_v2_01618_neg","hard_negative_plausible","Describa el protocolo de manejo clínico inmediato y contraindicaciones normadas en Historia natural de la enfermedad y pronóstico según la GPC oficial del Ecuador.","[Tabla 2]
|Cognitivos|Genéticos|
|---|---|
|Esquemas negativos de pensamientos|Familiares de primer grado de consanguinidad<br>con trastorno depresivo mayor|
|Pensamientos automáticos|Antecedentes familiares de depresión|
|Distorsiones cognitivas|Polimorfsmo del gen que codifca el transportador<br>de la serotonina|
|Creencias disfuncionales||
|Reactividad cognitiva negativa||
|Estilos rumiativos de respuestas||","Hard Negative Intra-Eje","10. Historia natural de la enfermedad y pronóstico","0","0","","Calibracion medica inicial estandarizada"
"GT-0150","01_urgencias_obstetricas","MSP_Trastornos-hipertensivos-del-embarazo-con-portada-3.pdf","triplet_v2_00223_neg","hard_negative_plausible","¿Cuáles son los criterios clínicos, diagnóstico y conducta médica recomendada para 4 Tratamiento conservador en embarazo menor o igual a 34(6) semanas - Esquema y Criterios Normados según la GPC de Guia de Practica Clinica: Trastornos Hipertensivos del Embarazo del MSP Ecuador?","Tabla 1. 	 Criterios y definiciones para la clasificación de los trastornos hipertensivos del

embarazo.

[Tabla 1]
|Clasificación|Criterios y definiciones|
|---|---|
|Hipertensión en el<br>embarazo|Tensión arterial sistólica (TAS) mayor o igual (≥) 140 mmHg y/o Tensión arterial<br>diastólica(TAD) mayor o igual(≥) 90 mmHg* en cualquier momento del embarazo.|
|Hipertensión severa en el<br>embarazo|TAS ≥ 160 mmHg y/o TAD ≥ 110 mmHg*.|
|Preeclampsia sin signos<br>degravedad(leve)|TAS ≥ 140 mm Hg y menor (<) 160 mmHg y/o TAD ≥ 90 mmHg y < 110 mmHg* más<br>proteinuria**y sin criterios degravedad ni afectación de órgano blanco(tabla 2).|
|Preeclampsia con signos<br>degravedad(grave)|TAS ≥ 160 mmHg y/o TAD ≥ 110 mmHg* y/o uno o más criterios de gravedad<br>y/o afectación de órgano blanco(tabla 2).|
|Preeclampsia sin<br>proteinuria|TAS ≥ 140 y/o TAD ≥ 90 mmHg* y uno de los siguientes:<br>- Plaquetas menores de 100.000 /uL.<br>- Enzimas hepáticas (transaminasas) elevadas al doble de lo normal.<br>- Desarrollo de insufciencia renal aguda caracterizada por concentraciones<br>de creatinina sérica mayores a 1,1 mg/dL o el doble de concentración de<br>creatinina sérica en ausencia de otras enfermedades renales.<br>- Edema agudo de pulmón.<br>- Aparición  de síntomas neurológicos o  visuales.|","Hard Negative Intra-Eje","12.4 	 Tratamiento conservador en embarazo menor o igual a 34(6) semanas","0","0","","Calibracion medica inicial estandarizada"
"GT-0151","03_cardiovascular_metabolico","gpc_hta192019.pdf","triplet_v2_01223_neg","hard_negative_plausible","Describa el protocolo de manejo clínico inmediato y contraindicaciones normadas en Evidencias y recomendaciones - Esquema y Criterios Normados según la GPC oficial del Ecuador.","[Tabla 1]
| Indicador / Criterio Clínico | Descripción Normativa |
|---|---|
| »» Proceder a atender el parto en libre posición para la mujer y con enfoque de derecho humano e intercultural, según GPC del parto. »» Canalizar vía venosa empleando solución salina al 0.9% Ringer Lactato »» Preeclampsia/eclampsia: Manejo de emergencia (p. 42) »» RPM: ver manejo de emergencia (p. 42) »» Prever alta probabilidad de Reanimación Neonatal (p.45) »» Prever referir en postparto inmediato a la madre y RN. | **SI, además de una o más de la señales**<br>**del cuadro superior y presenta:**<br>• <br>3 o más contracciones intensas en 10<br>minutos y/o<br>• <br>Ganas de pujar y/o<br>• <br>Adelgazamiento de periné y/o<br>• <br>Apertura de la vagina, cabeza fetal visible |
| »» Proceder a atender el parto según GPC del parto. »» Preparar el nacimiento considerando probabilidad de Maniobras de Reanimación Neonatal (p. 45) | **Si la mujer no tiene las características de**<br>**las clasifcaciones anteriores pero tiene.**<br>• <br>3 o más contracciones intensas en 10<br>minutos y/o<br>• <br>Ganas de pujar y/o<br>• <br>Adelgazamiento de periné y/o<br>• <br>Apertura de la vagina, cabeza fetal visible |
| »» Colocar en decúbitos lateral izquierdo »» Referir al establecimiento de salud adecuado para la atención al parto. | Si la mujer no tiene las características<br>de las clasifcaciones anteriores y el<br>parto no es inminente |","Hard Negative Inter-Eje","12. Evidencias y recomendaciones","0","0","","Calibracion medica inicial estandarizada"
"GT-0152","02_respiratorio_pediatrico","gpc_ehirn2019.pdf","triplet_v2_00585_neg","hard_negative_plausible","¿Cuáles son los criterios clínicos, diagnóstico y conducta médica recomendada para Exaguinación fetal debido a existencia de vasa previa o hemorragia feto materna. - Esquema y Criterios Normados según la GPC de Guia de Practica Clinica: Enfermedad Hemolitica del Recien Nacido del MSP Ecuador?","Encefalopatía hipóxica isquémica del recién nacido

Guía de Práctica Clínica (GPC)

2019

1. Encefalopatía hipóxica isquémica del

recién nacido

5. Hipotermia terapéutica

Tabla 1. Clasificación de Sarnat ............................................................................................ 14 Tabla 2. Diagnóstico diferencial de la EHI ............................................................................. 15 Tabla 3. Clasificación del nivel de evidencia según el sistema GRADE ................................ 19 Tabla 4. Niveles de evidencia Oxford .................................................................................... 20 Tabla 5. Grados de recomendación Oxford ........................................................................... 20 Tabla 6. Descripción evidencia, recomendación y punto de buena práctica .......................... 21","Hard Negative Intra-Eje","6. Exaguinación fetal debido a existencia de vasa previa o hemorragia feto materna.","0","0","","Calibracion medica inicial estandarizada"
"GT-0153","04_soporte_cronicos_salud_mental","61069_MSP_Guía_DEPRESION_20180228_D.pdf","gpc_61069_MSP_Guía_DEPRESION_20180228_D_chunk_0235","contextual_neutral","¿Qué esquema terapéutico de primera línea, dosificación y monitoreo normado establece el MSP para Contacto cutáneo de alto riesgo cuando se trata de líquidos con carga viral elevada, el contacto es muy prolongado y (B24)?","[Tabla 2]
|Lista de dispositivos médicos esenciales para diagnóstico y tratamiento de la depresión|Col2|Col3|
|---|---|---|
|Código único<br>de dispositivos<br>médicos-CUDIM|Nombre genérico|Especifcaciones técnicas<br>|
|**17-028**|Reactivos/Kits para biometría<br>hemática, automatizado|Citometría de fujo: incluye reactivos listos<br>para usar.|
|**18-929**|Reactivos/Kits para<br>determinación deglucosa|Método enzimático: contiene reactivos listos<br>para usar:puede incluir supropio calibrador.|
|**19-110**|Reactivos/Kits para<br>determinación de tiroxina total<br>(T4)|Reactivos listos para usar: puede utilizar<br>diferentes metodologías.|
|**19-865**|Reactivos/Kits para<br>determinación de TSH|Reactivos listos para usar: puede utilizar<br>diferentes metodologías.|
|**12-736**|Agujas para extracción de<br>sangre al vacío (toma múltiple)|Aguja de doble punta, de acero inoxidable,<br>empaque individual plastifcado, posee sello<br>de seguridad. Estérily descartable.|
|**14-183**|Tubo para extracción de<br>sangre al vacío|Sellado al vacío, posee etiquetado de<br>identifcación de paciente, cierre hermético<br>y doble tapón de seguridad. Estéril y<br>descartable.|
||Equipos de laboratorio||","Guia de Practica Clinica: Trastorno Depresivo Grave en el Adulto","128","0","0","","Calibracion medica inicial estandarizada"
"GT-0154","04_soporte_cronicos_salud_mental","gpc_episodio_depresivo_adultos.pdf","gpc_gpc_episodio_depresivo_adultos_chunk_0231","contextual_neutral","¿Cuáles son los signos de alarma, criterios de severidad y algoritmo de derivación en Evidencias y recomendaciones - Esquema y Criterios Normados según la normativa nacional?","[Tabla 1]
|Precauciones|Uso con precaución en pacientes con antecedente de convulsiones.<br>Se ha reportado episodios ansiosos, insomnio y pérdida importante de<br>peso, que generalmente se acompaña con disminución del apetito.<br>Los cambios en las dosis generalmente no se reflejan en los niveles<br>plasmáticos sino hasta semanas después.<br>El riesgo de presentar sangrado gastrointestinal incrementa, especialmente<br>cuando se administra conjuntamente con AINE, ácido acetil salicílico o<br>drogas que actúan sobre la coagulación.<br>Pacientes con glaucoma agudo de ángulo cerrado.<br>Paciente con trastorno bipolar, puede incrementar el riesgo de manía.<br>Pacientes con hiponatremia.<br>Adultos mayores con deterioro cognitivo y alteraciones de las funciones<br>motoras.<br>Hiponatremia (anciano).|
|---|---|
|**Contraindicaciones**|Hipersensibilidad al medicamento o a sus componentes, administración<br>concomitante con pimozida o tioridazina, tratamiento con inhibidores de la<br>MAOy disulfram(verprecauciones).|","Guia de Practica Clinica: Episodio Depresivo en Adultos","127","0","0","","Calibracion medica inicial estandarizada"
"GT-0155","01_urgencias_obstetricas","MSP_Trastornos-hipertensivos-del-embarazo-con-portada-3.pdf","triplet_v2_00443","positive_direct","¿Qué esquema terapéutico de primera línea, dosificación y monitoreo normado establece el MSP para 1 Prevención primaria de la preeclampsia (O14.1)?","Administración de suplementos nutricionales

Una variedad de factores proangiogénicos como el factor de crecimiento endotelial vascular, y el factor de crecimiento placentario, y factores antiangiogénicos como la endoglina soluble, y la tirosinquinasa tipo fms 1 soluble, son elaborados por la placenta en desarrollo, y el equilibrio entre estos factores es importante para el desarrollo normal de la placenta. Un aumento de la producción de factores antiangiogénicos altera este equilibrio produciendo lesión endotelial difusa y aumento de la permeabilidad capilar, que son las características fisiopatológicas de la preeclampsia. (46,75)

Los factores angiogénicos de interés incluyen el factor de crecimiento endotelial vascular, y factor de crecimiento placentario, así como dos proteínas anti angiogénicas como la endoglina soluble y la tirosinquinasa tipo fms 1 soluble. (46)

En un estudio de Maynard y colaboradores (2003), (76) se observó que los niveles séricos del factor de crecimiento endotelial vascular y factor de crecimiento placentario se redujeron en mujeres con preeclampsia. Sin embargo, la magnitud de la disminución fue menos pronunciada para el factor de crecimiento endotelial vascular, ya que su nivel en suero no era tan alto como la del factor de crecimiento placentario, incluso en el embarazo normal. Otros investigadores han confirmado este hallazgo y han demostrado que el nivel en suero del factor de crecimiento placentario disminuye en las mujeres antes de que desarrollen preeclampsia. (77)","MSP_Trastornos-hipertensivos-del-embarazo-con-portada-3.pdf","12.1 Prevención primaria de la preeclampsia","2","2","","Calibracion medica inicial estandarizada"
"GT-0156","02_respiratorio_pediatrico","Alimentacion_y_nutricion_de_la_mujer_gestante_y_la_madre_en_periodo_de_lactancia.pdf","triplet_v2_00476","positive_direct","¿Cuáles son los criterios clínicos, diagnóstico y conducta médica recomendada para Desarrollo - Esquema y Criterios Normados según la GPC de Guia de Practica Clinica: Alimentacion y Nutricion de la Gestante y Lactancia Materna del MSP Ecuador?","[Tabla 2]
|La intoxicación alimentaria o la contaminación por bacterias o parásitos pueden suceder en<br>cualquier momento, pero las mujeres embarazadas y sus hijos están en mayor riesgo de<br>enfermedad.108|E|
|---|---|
|Se recomienda que las mujeres que planean quedar embarazadas y las que están embarazadas<br>deben evitar los siguientes alimentos:<br>• <br> Los alimentos crudos: carnes rojas y blancas, pescados y mariscos como ostras y almejas.<br>• <br> Alimentos preparados con huevos crudos o poco cocinados como aderezos para<br>       ensaladas, rompope, espumilla, otras.<br>• <br>Productos lácteos como quesos blandos y semiblandos elaborados con leche no<br> pasteurizada.|**R**|
|Se recomienda a las mujeres embarazadas seguir  prácticas de seguridad alimentaria:<br>• <br>Leer las fechas de caducidad.<br>• <br>Evitar la contaminación cruzada entre alimentos crudos y  cocinados en el refrigerador.<br>• <br>Lavar todas las frutas y verduras crudas.<br>• <br>Consumir alimentos a temperatura adecuada; los alimentos calientes (por encima 60°C),<br>los alimentos fríos  (por debajo 4°C),<br>• <br>Cocinar o recalentar lo sufciente los alimentos lo cual va a destruir cualquier microorganismo;<br>cocinar las carnes a 70°C a 75°C, y calentar al menos 74°C; no consumir pollo o carne<br>molida semicocidos.<br>• <br>Lavarse las manos antes y después  de preparar alimentos, lavar y desinfectar (con cloro<br>de uso  doméstico) las superfcies y utensilios para la preparación de alimentos que hayan<br>estado en contacto con alimentos crudos.<br>• <br>No lavarse las manos o los alimentos con agua no tratada.<br>• <br>Los gatos son el huésped defnitivo para toxoplasma. Las mujeres embarazadas deben<br>evitar el contacto con la arena para gatos o tierra de jardín que pueden contener heces de<br>gato.109|**R**|","Alimentacion_y_nutricion_de_la_mujer_gestante_y_la_madre_en_periodo_de_lactancia.pdf","7.	 Desarrollo","2","2","","Calibracion medica inicial estandarizada"
"GT-0157","01_urgencias_obstetricas","MSP_Trastornos-hipertensivos-del-embarazo-con-portada-3.pdf","triplet_v2_00426_neg","hard_negative_plausible","¿Qué esquema terapéutico de primera línea, dosificación y monitoreo normado establece el MSP para Hipertensión gestacional. - Escala de Shekelle modificada. (O14.1)?","Aunque hay diferentes escalas de gradación de la calidad de la evidencia científica, todas ellas son muy similares entre sí.

La Escala de Shekelle Modificada y colaboradores clasifica la evidencia en niveles (categorías) e indica el origen de las recomendaciones emitidas por medio del grado de fuerza. Para establecer la categoría de la evidencia, utiliza números romanos de I a IV y las letras a y b (minúsculas). En la fuerza de recomendación letras mayúsculas de la A a la D.

Anexo 3. Factores de riesgo para desarrollar adicción a opioides","Hard Negative Inter-Eje","4.	 Hipertensión gestacional.","0","0","","Calibracion medica inicial estandarizada"
"GT-0158","04_soporte_cronicos_salud_mental","gpc_VIH_acuerdo_ministerial05-07-2019.pdf","triplet_v2_01549","positive_direct","¿Qué intervenciones farmacológicas y no farmacológicas de grado A/B están normadas por el MSP en Otros para Guia de Practica Clinica: Atencion Integral de Adultos y Adolescentes con Infeccion por VIH?","El grupo GeSIDA concluye que, en personas con hepatopatía crónica y función hepática conservada, incluida la cirrosis clase A de Child-Pugh, se puede utilizar cualquier medicamento ARV (aunque es razonable evitar los dideoxinucleósidos y NVP).(17)

En personas con insuficiencia hepatocelular leve/moderada (Child-Pugh A o B), los inhibidores de integrasa son los fármacos de elección y no precisan ajuste de dosis. RAL no requiere de ajuste de dosis, incluso en personas con hepatopatía avanzada. DTG tampoco requiere ajuste de dosis en insuficiencia hepática moderada. ATV/r es seguro en este escenario.

En la mayoría de individuos coinfectados por VIH 1 y VHB, tanto TDF como TAF suprimen el VHB. Por tanto, en estas personas la TARV recomendada es un esquema que incluya TDF (o TAF) junto a FTC o 3TC.(94)

Figura 5. Seguimiento y manejo de la persona infectada con VIH con elevación de ATL/AST

Modificado de: EACS. Guía clínica 2017. (3)","gpc_VIH_acuerdo_ministerial05-07-2019.pdf","5. Otros","2","2","","Calibracion medica inicial estandarizada"
"GT-0159","01_urgencias_obstetricas","GPC_anomalias_de_insercion_placentaria_2017.pdf","triplet_v2_00166","positive_direct","¿Cuáles son los signos de alarma, criterios de severidad y algoritmo de derivación en Publicación y actualización reciente (2010-2016). - Esquema y Criterios Normados según la normativa nacional?","[Tabla 3]
|Recomendaciones sobre referencia y contrarreferencia|Col2|
|---|---|
|P|Se recomienda referir al segundo nivel de atención a toda embarazada con factores<br>de riesgo o con sospecha de anomalías en la inserción placentaria o de los vasos<br>sanguíneos fetales.<br>Una vez confrmado el diagnóstico, referir al tercer nivel si la unidad hospitalaria no cuenta<br>con equipo multidisciplinario completopara la atención de la madrey el recién nacido.|","GPC_anomalias_de_insercion_placentaria_2017.pdf","4.	 Publicación y actualización reciente (2010-2016).","2","2","","Calibracion medica inicial estandarizada"
"GT-0160","02_respiratorio_pediatrico","GPC_neumonía-adquirida_2017.pdf","triplet_v2_00870","positive_direct","¿Qué esquema terapéutico de primera línea, dosificación y monitoreo normado establece el MSP para Anexos (J18.9)?","Anexo 8. Selección de terapia antimicrobiana a nivel hospitalario de acuerdo a la etiología de la neumonía adquirida en la comunidad

*Uso con documentación de CIM (concentración inhibitoria mínima) y/o fracaso de tratamiento de primera línea.

** Medicamento no consta en la lista de medicamentos esenciales del Cuadro Nacional de Medicamentos Básicos. Conforme la norma vigente, requiere justificación técnica para evaluar pertinencia de adquisición y financiamiento por parte de la Red Pública Integral de Salud.

Fuente: Bradley et al. The management of community-acquired pneumonia in infants and children older than 3 months of age: [3] de acuerdo con el Cuadro Nacional de Medicamentos Básicos, 9.a ed. [42].","GPC_neumonía-adquirida_2017.pdf","16. Anexos","2","2","","Calibracion medica inicial estandarizada"
